Date,Open,High,Low,Close,Volume,ticker
2021-05-10,10461.51085004079,10503.440753247365,10230.896382404619,10440.5458984375,1161900,INTP.JK
2021-05-11,10398.615995230924,10545.37065645394,10314.756188817772,10440.5458984375,773900,INTP.JK
2021-05-17,10503.440753247365,10545.37065645394,10314.756188817772,10440.5458984375,2387500,INTP.JK
2021-05-18,10314.755094068876,10398.614891581632,10168.000448421555,10272.8251953125,1373700,INTP.JK
2021-05-19,10293.791115108497,10377.650920526898,10084.1416015625,10084.1416015625,1288500,INTP.JK
2021-05-20,10084.1416015625,10168.001406980899,10000.281796144101,10084.1416015625,1654600,INTP.JK
2021-05-21,10105.108425277484,10168.003290994979,9769.669141450846,9916.423828125,1247900,INTP.JK
2021-05-24,9916.422417534723,9979.317274305555,9748.702799479166,9811.59765625,820600,INTP.JK
2021-05-25,9685.807942708334,9895.457465277777,9685.807942708334,9811.59765625,1408000,INTP.JK
2021-05-27,9811.596769241267,9979.31637213428,9601.947265625,9601.947265625,5017700,INTP.JK
2021-05-28,9727.736897274634,10042.211150419287,9727.736897274634,10000.28125,2182500,INTP.JK
2021-05-31,10021.245464230371,10147.03515625,9916.420720880682,10147.03515625,1751200,INTP.JK
2021-06-02,10482.475249873483,10482.475249873483,10251.860794376265,10356.685546875,2283500,INTP.JK
2021-06-03,10272.826817729083,10650.195966135458,10272.826817729083,10524.40625,3147500,INTP.JK
2021-06-04,10524.405042613636,10524.405042613636,10335.720490056818,10377.650390625,1529000,INTP.JK
2021-06-07,10608.26617679751,10608.26617679751,10188.967118426068,10314.7568359375,942600,INTP.JK
2021-06-08,10188.966907661501,10377.651480025605,9979.3173828125,9979.3173828125,1461600,INTP.JK
2021-06-09,9979.316389520878,10105.106091909796,9727.73698474304,9790.6318359375,2579600,INTP.JK
2021-06-10,9790.631942814513,9916.421646576582,9727.737090933477,9769.6669921875,3024800,INTP.JK
2021-06-11,9832.562049278846,9937.386804601649,9476.157881181318,9539.052734375,6023500,INTP.JK
2021-06-14,9601.94758756868,9685.807391826922,9518.087783310439,9539.052734375,1590100,INTP.JK
2021-06-15,9643.878373182326,9643.878373182326,9350.36903138982,9371.333984375,3073300,INTP.JK
2021-06-16,9434.228624373607,9434.228624373607,9329.403861880568,9413.263671875,2306200,INTP.JK
2021-06-17,9371.332669005102,9371.332669005102,9224.578018707482,9245.54296875,2540400,INTP.JK
2021-06-18,9245.543075284091,9392.297727272728,9056.858522727272,9224.578125,4799900,INTP.JK
2021-06-21,9077.82421875,9182.648978781755,8910.104602699192,9077.82421875,3001400,INTP.JK
2021-06-22,9140.719074769053,9392.298498845266,9056.85926674365,9077.82421875,4291900,INTP.JK
2021-06-23,9224.578125,9287.472975852272,9098.788423295455,9224.578125,1866600,INTP.JK
2021-06-24,9392.297727272728,9392.297727272728,9224.578125,9224.578125,905300,INTP.JK
2021-06-25,9308.437473060345,9308.437473060345,9077.8230311602,9119.7529296875,1946200,INTP.JK
2021-06-28,9119.754796370366,9140.71974992524,8700.455725272877,8763.3505859375,3691200,INTP.JK
2021-06-29,8805.280164415082,9182.649314318587,8742.385306097833,8826.2451171875,4356400,INTP.JK
2021-06-30,8805.27917361954,8993.963727339957,8637.5595703125,8637.5595703125,3024200,INTP.JK
2021-07-01,8637.560864608253,8784.315539492374,8553.701050388756,8763.3505859375,3168800,INTP.JK
2021-07-02,8784.314346168154,8868.174148995535,8679.489592633929,8805.279296875,2255100,INTP.JK
2021-07-05,8805.279723971129,8805.279723971129,8532.7353515625,8532.7353515625,2509100,INTP.JK
2021-07-06,8532.734527012088,8972.998470666274,8532.734527012088,8889.138671875,2620400,INTP.JK
2021-07-07,8889.139868341405,8889.139868341405,8574.665580546309,8658.525390625,3218500,INTP.JK
2021-07-08,8658.524202277862,8889.138648343374,8616.594302993222,8700.4541015625,2843600,INTP.JK
2021-07-09,8805.279626980633,9140.718850865609,8763.349723995012,8931.0693359375,4222700,INTP.JK
2021-07-12,9098.788838370901,9308.438350775761,8931.069228447015,8952.0341796875,4660800,INTP.JK
2021-07-13,9035.89453356413,9119.754343620409,8805.28005590936,8847.2099609375,3138700,INTP.JK
2021-07-14,8847.208749058735,8889.138648343374,8553.699454066265,8700.4541015625,1911600,INTP.JK
2021-07-15,8742.384000847138,8847.208749058735,8658.524202277862,8700.4541015625,2994800,INTP.JK
2021-07-16,8763.3495135441,9098.78872937354,8763.3495135441,8972.9990234375,4049100,INTP.JK
2021-07-19,9060.969602098652,9126.947536094516,8885.028444776348,8972.9990234375,2770200,INTP.JK
2021-07-21,9016.984677269345,9302.889069475446,8951.006740606399,9236.9111328125,3328800,INTP.JK
2021-07-22,9236.911010742188,9302.888946533203,9126.947784423828,9148.9404296875,2173300,INTP.JK
2021-07-23,9258.902999543796,9258.902999543796,9016.98391879562,9038.9765625,1519600,INTP.JK
2021-07-26,9126.947472483067,9126.947472483067,8907.021027362993,8929.013671875,1770200,INTP.JK
2021-07-27,8863.03542011916,8972.99863873106,8599.1236954506,8709.0869140625,6320000,INTP.JK
2021-07-28,8709.087461142015,8731.08010624591,8379.197784583606,8401.1904296875,4098100,INTP.JK
2021-07-29,8401.18998386549,8423.182627802309,8093.29296875,8093.29296875,7200600,INTP.JK
2021-07-30,8137.278747558594,8203.25668334961,7741.4111328125,7741.4111328125,11340000,INTP.JK
2021-08-02,7873.367034002372,8181.264068851626,7763.403807270494,8115.2861328125,6946500,INTP.JK
2021-08-03,8115.286388106758,8687.09518510073,8093.293742068528,8665.1025390625,6730300,INTP.JK
2021-08-04,8709.087041015626,8994.991413574218,8555.138532714844,8797.0576171875,4270700,INTP.JK
2021-08-05,8797.058013224181,8819.050658257242,8533.146272827456,8731.080078125,2794900,INTP.JK
2021-08-06,8731.079871266933,9148.940116995074,8731.079871266933,8929.013671875,5532000,INTP.JK
2021-08-09,8973.00034894541,9060.970940601737,8797.059165632754,8863.037109375,3508600,INTP.JK
2021-08-10,8972.998960899014,9016.984249923029,8775.065160290947,8929.013671875,1509600,INTP.JK
2021-08-12,9016.984736004146,9324.881775770142,8885.02886181872,9280.896484375,3629900,INTP.JK
2021-08-13,9324.881895539906,9412.852479460094,9148.94072769953,9368.8671875,2290200,INTP.JK
2021-08-16,9412.850654069767,9456.8359375,9192.924236918605,9456.8359375,1965000,INTP.JK
2021-08-18,9456.83840070452,9896.691349574498,9412.853105817521,9852.7060546875,6002200,INTP.JK
2021-08-19,9852.704365079364,9852.704365079364,9500.822066326531,9698.755859375,3515300,INTP.JK
2021-08-20,9632.777541701858,9808.718684016047,9522.81432775549,9764.7333984375,3011000,INTP.JK
2021-08-23,9786.72642758018,10072.630795127467,9764.733783922697,10028.6455078125,2563900,INTP.JK
2021-08-24,10028.646051329186,10072.631341027998,9632.778444039875,9720.7490234375,2672100,INTP.JK
2021-08-25,9764.734557291666,9940.675720486111,9720.749266493056,9896.6904296875,962000,INTP.JK
2021-08-26,9896.689586595958,9896.689586595958,9610.785220760963,9654.7705078125,1594200,INTP.JK
2021-08-27,9654.770184491132,9940.674540751688,9566.799613334037,9764.7333984375,2048700,INTP.JK
2021-08-30,9874.697002210114,10072.630795127467,9742.741140265214,10028.6455078125,2326700,INTP.JK
2021-08-31,10028.646302083333,10050.63894748264,9896.6904296875,9896.6904296875,2897200,INTP.JK
2021-09-01,9896.689255173142,9984.659826330237,9764.7333984375,9764.7333984375,2071000,INTP.JK
2021-09-02,9764.734892907303,9852.70547752809,9676.764308286518,9786.7275390625,692100,INTP.JK
2021-09-03,9720.748112858952,9918.681897962415,9698.755470069678,9764.7333984375,1497500,INTP.JK
2021-09-06,9764.735464913505,9852.7060546875,9676.764875139508,9852.7060546875,806700,INTP.JK
2021-09-07,9874.6984116367,9940.676352026256,9544.808709688927,9632.779296875,2088700,INTP.JK
2021-09-08,9588.793270682367,9610.785915798611,9060.969787892513,9104.955078125,4605400,INTP.JK
2021-09-09,9104.955493392232,9566.801061897635,9060.970201153621,9412.8525390625,2748500,INTP.JK
2021-09-10,9412.850654069767,9456.8359375,9258.902162063954,9456.8359375,1488200,INTP.JK
2021-09-13,9368.867067165284,9456.837649955569,9192.925901584715,9280.896484375,1171000,INTP.JK
2021-09-14,9280.896662346671,9456.837831301109,9214.918723988756,9412.8525390625,1826200,INTP.JK
2021-09-15,9368.866668198529,9500.822536764706,9302.88873391544,9346.8740234375,1299400,INTP.JK
2021-09-16,9478.829764975506,9478.829764975506,9170.932742447298,9258.9033203125,2340900,INTP.JK
2021-09-17,9236.911010742188,9236.911010742188,9060.969848632812,9148.9404296875,2354000,INTP.JK
2021-09-20,9148.94030643204,9192.925596366807,8972.99914669296,9060.9697265625,886400,INTP.JK
2021-09-21,9060.969136939859,9412.851433520047,8994.991206331073,9324.880859375,2518400,INTP.JK
2021-09-22,9412.852479460094,9632.778939260563,9236.911311619719,9368.8671875,2900500,INTP.JK
2021-09-23,9456.837120509204,9456.837120509204,9258.9033203125,9258.9033203125,962000,INTP.JK
2021-09-24,9258.903778366815,9390.859651692708,9236.9111328125,9236.9111328125,1658300,INTP.JK
2021-09-27,9236.91170766844,9324.882295360521,9170.93376689938,9302.8896484375,1105900,INTP.JK
2021-09-28,9302.888546017304,9302.888546017304,9148.940035799524,9214.91796875,1282000,INTP.JK
2021-09-29,9192.926077869452,9434.845185181804,9082.962847272927,9412.8525390625,2433300,INTP.JK
2021-09-30,9456.837588355655,9500.822879464286,9104.955259486607,9236.9111328125,3350700,INTP.JK
2021-10-01,9170.933522593436,9236.9114616049,8709.08794951319,8753.0732421875,7477300,INTP.JK
2021-10-04,8753.073869804592,9082.963588515819,8753.073869804592,8863.037109375,6375300,INTP.JK
2021-10-05,8863.03542011916,8863.03542011916,8709.0869140625,8709.0869140625,4619900,INTP.JK
2021-10-06,8709.0869140625,8863.03542011916,8709.0869140625,8709.0869140625,6815400,INTP.JK
2021-10-07,8731.080378052058,8972.999481726045,8731.080378052058,8951.0068359375,8232400,INTP.JK
2021-10-08,8951.0068359375,9126.948002245854,8929.014190148957,8951.0068359375,6654900,INTP.JK
2021-10-11,9060.969879987531,9104.955170667083,8753.072845230672,8819.05078125,4895700,INTP.JK
2021-10-12,8819.050631921267,9170.932951399423,8819.050631921267,9060.9697265625,5313600,INTP.JK
2021-10-13,9170.933220555635,9654.771424038187,9104.955283717105,9610.7861328125,7033000,INTP.JK
2021-10-14,9676.764266304348,10248.573063858696,9676.764266304348,10116.6171875,10168600,INTP.JK
2021-10-15,10138.608660861784,10314.549808989537,9764.733721090308,9984.66015625,5999300,INTP.JK
2021-10-18,10028.64608864379,10248.572537956154,10028.64608864379,10094.6240234375,3952800,INTP.JK
2021-10-19,10138.609375,10182.594665130151,9984.660859544469,10138.609375,3110900,INTP.JK
2021-10-21,10204.586657072368,10226.57930072985,9808.719071237663,10028.6455078125,4933500,INTP.JK
2021-10-22,10028.646027078774,10094.62396146745,9874.697513505196,10050.638671875,3470300,INTP.JK
2021-10-25,10072.63252912249,10094.625176565987,9852.7060546875,9852.7060546875,2644600,INTP.JK
2021-10-26,9852.70547752809,9984.66135445927,9698.756954441713,9786.7275390625,2677500,INTP.JK
2021-10-27,9786.725918612638,10204.586126373626,9786.725918612638,10006.65234375,4454400,INTP.JK
2021-10-28,10050.638915490592,10424.51388608871,10050.638915490592,10226.580078125,9183800,INTP.JK
2021-10-29,10336.544517210623,10534.478348391252,10094.625390212077,10402.5224609375,8015100,INTP.JK
2021-11-01,10512.484375,10578.46231040795,10402.521149320084,10512.484375,3192200,INTP.JK
2021-11-02,10512.484251384494,10556.46954113924,10336.543092365506,10424.513671875,3162400,INTP.JK
2021-11-03,10468.498305139463,10666.432096623192,10446.505661641271,10644.439453125,5407700,INTP.JK
2021-11-04,10974.329926853554,11392.19018458946,10842.374055989583,11216.2490234375,9469800,INTP.JK
2021-11-05,11216.248961921752,11304.219542015257,10842.37399652436,11172.263671875,2185700,INTP.JK
2021-11-08,10996.3226010101,11106.285827020203,10842.37408459596,10886.359375,2650900,INTP.JK
2021-11-09,10886.359733265532,11150.271484375,10754.403857710799,11150.271484375,1553900,INTP.JK
2021-11-10,11106.286533553286,11106.286533553286,10820.382127739043,11040.30859375,1891600,INTP.JK
2021-11-11,11040.307891414142,11040.307891414142,10820.38143939394,10886.359375,2067500,INTP.JK
2021-11-12,10952.337890625,10952.337890625,10864.367305158132,10952.337890625,1206300,INTP.JK
2021-11-15,10952.33646209969,10996.321749096074,10512.483592135848,10644.439453125,3199200,INTP.JK
2021-11-16,10666.434166079662,10776.397404905225,10512.485631723874,10732.412109375,2021500,INTP.JK
2021-11-17,10732.411233552632,10754.403879523026,10424.514189967105,10446.5068359375,2613900,INTP.JK
2021-11-18,10424.515108846459,10600.45629211813,10270.566573483748,10402.5224609375,2962100,INTP.JK
2021-11-19,10292.558014112903,10380.528595430107,10160.602142137097,10226.580078125,4302900,INTP.JK
2021-11-22,10226.579621278164,10380.528131706009,10160.60168823766,10248.572265625,1948200,INTP.JK
2021-11-23,10248.571411401099,10270.564053914835,9962.667058722527,10006.65234375,3153600,INTP.JK
2021-11-24,9940.67486921806,10094.623373829845,9874.696938670153,9984.66015625,3599700,INTP.JK
2021-11-25,9962.668116780967,10028.646051329186,9698.756378588094,9720.7490234375,5001100,INTP.JK
2021-11-26,9654.770512418927,9676.763155955188,9148.939711084906,9324.880859375,9966000,INTP.JK
2021-11-29,9324.881253711403,9390.859187110304,9104.954809048397,9258.9033203125,6436500,INTP.JK
2021-11-30,9324.882295360521,9610.786705359782,9236.91170766844,9302.8896484375,10219500,INTP.JK
2021-12-01,9258.904131854022,9500.8232421875,9192.926192672165,9500.8232421875,8298700,INTP.JK
2021-12-02,9434.843295784884,9610.784429505813,9258.902162063954,9456.8359375,4076800,INTP.JK
2021-12-03,9500.822128950338,9918.682361473617,9434.844197499295,9742.7412109375,9486200,INTP.JK
2021-12-06,9940.674861182852,10776.395314114154,9940.674861182852,10644.439453125,17156200,INTP.JK
2021-12-07,10688.4248046875,10798.388022842722,10402.520437483925,10688.4248046875,6372100,INTP.JK
2021-12-08,10688.425447110489,10996.32247645112,10534.476932440173,10798.388671875,4879400,INTP.JK
2021-12-09,10798.387825520833,10886.3583984375,10556.46875,10556.46875,3618700,INTP.JK
2021-12-10,10468.498177083333,10644.439322916667,10226.5791015625,10556.46875,4185300,INTP.JK
2021-12-13,10644.44117647059,10776.39705882353,10468.5,10468.5,3317900,INTP.JK
2021-12-14,10468.499541404612,10644.440710167715,10380.528957023062,10490.4921875,2137000,INTP.JK
2021-12-15,10490.491851173496,10776.396241247407,10402.521269612293,10600.455078125,2829900,INTP.JK
2021-12-16,10776.395795773236,10776.395795773236,10292.5576171875,10292.5576171875,3416000,INTP.JK
2021-12-17,10292.557231702302,10622.446886564556,10028.6455078125,10028.6455078125,13645000,INTP.JK
2021-12-20,10050.638671875,10182.594540652351,9896.690158301422,10050.638671875,3323700,INTP.JK
2021-12-21,10006.653177809818,10358.535487359173,9984.660533462982,10248.572265625,2388500,INTP.JK
2021-12-22,10292.557490907866,10358.53542354189,10072.63104879445,10204.5869140625,1986800,INTP.JK
2021-12-23,10160.602202388918,10270.5654296875,10072.631620550053,10270.5654296875,1349900,INTP.JK
2021-12-24,10270.565368783602,10270.565368783602,10138.609496807796,10226.580078125,483100,INTP.JK
2021-12-27,10226.58127766583,10468.500404664375,10160.603333938954,10402.5224609375,902700,INTP.JK
2021-12-28,10468.4986445986,10468.4986445986,10116.616337217134,10204.5869140625,1198000,INTP.JK
2021-12-29,10226.580078125,10270.565368783602,10006.65362483199,10226.580078125,1497100,INTP.JK
2021-12-30,10226.579226659349,10644.439453125,10160.601296164772,10644.439453125,3760200,INTP.JK
2022-01-03,10556.469350961537,10600.454639923877,10248.57232822516,10292.5576171875,2249300,INTP.JK
2022-01-04,10292.557827818628,10424.513697406046,10072.631378506263,10094.6240234375,2037300,INTP.JK
2022-01-05,10094.624299986173,10182.594882121128,9918.683135716261,9940.67578125,2393700,INTP.JK
2022-01-06,9918.682952196608,9940.67559732343,9654.771210674748,9808.7197265625,3765100,INTP.JK
2022-01-07,9808.720471247147,9852.705764840182,9632.779296875,9632.779296875,4401100,INTP.JK
2022-01-10,9632.778778425343,9764.734652102403,9610.7861328125,9610.7861328125,2271000,INTP.JK
2022-01-11,9632.778778425343,9720.749360876716,9522.815550361127,9610.7861328125,3086100,INTP.JK
2022-01-12,9632.778382457387,9720.748961292615,9544.80780362216,9676.763671875,2685500,INTP.JK
2022-01-13,9676.763279486457,9764.733854754515,9654.770635669442,9742.7412109375,1650300,INTP.JK
2022-01-14,9742.7412109375,9742.7412109375,9654.770635669442,9742.7412109375,2981900,INTP.JK
2022-01-17,9742.741945043104,9742.741945043104,9522.815490301724,9566.80078125,2977700,INTP.JK
2022-01-18,9566.80078125,9676.76400862069,9412.852262931034,9566.80078125,3125800,INTP.JK
2022-01-19,9566.800534250586,9676.763758782201,9368.866730093678,9390.859375,3997100,INTP.JK
2022-01-20,9390.85801235465,9588.791787790698,9324.880087209302,9456.8359375,3238800,INTP.JK
2022-01-21,9346.874206967806,9544.808013703596,9346.874206967806,9478.830078125,3043100,INTP.JK
2022-01-24,9456.83784673455,9786.7275390625,9456.83784673455,9786.7275390625,2363600,INTP.JK
2022-01-25,9676.764590468036,9698.757237264555,9500.823416095891,9632.779296875,1615700,INTP.JK
2022-01-26,9632.778444039875,9720.7490234375,9544.807864642251,9720.7490234375,1330800,INTP.JK
2022-01-27,9720.748835292432,9720.748835292432,9544.807679902524,9588.79296875,1426100,INTP.JK
2022-01-28,9522.816062892409,9698.757237264555,9456.838122502853,9632.779296875,1100100,INTP.JK
2022-01-31,9654.771943671518,9698.757237264555,9500.823416095891,9632.779296875,1553900,INTP.JK
2022-02-02,9632.778382457387,9764.734250710228,9610.78573774858,9676.763671875,965700,INTP.JK
2022-02-03,9676.763546444954,9698.756190868693,9434.84445778383,9588.79296875,1295600,INTP.JK
2022-02-04,9588.793426724138,9852.705172413793,9522.815490301724,9566.80078125,2377000,INTP.JK
2022-02-07,9588.793781459732,9830.712890625,9544.808488884228,9830.712890625,1420200,INTP.JK
2022-02-08,9830.711992817542,9874.69728137601,9522.814972908267,9544.8076171875,4034000,INTP.JK
2022-02-09,9676.76400862069,9676.76400862069,9500.822844827586,9566.80078125,3124200,INTP.JK
2022-02-10,9566.800261466735,9764.734059979839,9544.8076171875,9544.8076171875,1839200,INTP.JK
2022-02-11,9544.80819597397,9632.778778425343,9456.837613522597,9610.7861328125,1391100,INTP.JK
2022-02-14,9566.800658896462,9588.793304089328,9368.866852160672,9478.830078125,4753500,INTP.JK
2022-02-15,9478.830199353448,9588.793426724138,9456.83755387931,9566.80078125,1507700,INTP.JK
2022-02-16,9522.814646657887,9720.748438389806,9522.814646657887,9654.7705078125,2358300,INTP.JK
2022-02-17,9654.771662131321,9852.70547752809,9610.786369820928,9786.7275390625,2637000,INTP.JK
2022-02-18,9764.734652102403,9808.71994332809,9610.7861328125,9610.7861328125,1935500,INTP.JK
2022-02-21,9610.786932809013,9852.7060546875,9588.794285365513,9852.7060546875,2829200,INTP.JK
2022-02-22,9852.705016816144,9852.705016816144,9610.785920421105,9808.7197265625,3632000,INTP.JK
2022-02-23,9786.726895419035,9786.726895419035,9632.778382457387,9676.763671875,2386500,INTP.JK
2022-02-24,9632.77821076969,9742.74143235382,9170.93268011635,9214.91796875,7806300,INTP.JK
2022-02-25,9236.911654537671,9830.713118043665,9236.911654537671,9632.779296875,7715500,INTP.JK
2022-03-01,9830.712076436314,10028.645876633018,9236.9106758462,9258.9033203125,8870100,INTP.JK
2022-03-02,9258.903404086244,9302.88869341682,8972.9990234375,8972.9990234375,11001000,INTP.JK
2022-03-04,8885.028444776348,9038.976957433364,8797.057866115196,8972.9990234375,13771300,INTP.JK
2022-03-07,8929.013734106924,9126.947536094516,8797.057866115196,8972.9990234375,8489700,INTP.JK
2022-03-08,8972.99876953125,8994.991413574218,8797.0576171875,8797.0576171875,5886000,INTP.JK
2022-03-09,8797.05865205224,8929.014531833021,8731.080712161847,8841.0439453125,2976100,INTP.JK
2022-03-10,8972.999616676401,9434.845185181804,8929.014324437792,9412.8525390625,6188900,INTP.JK
2022-03-11,9412.852019906324,9412.852019906324,9236.910860655738,9390.859375,1457200,INTP.JK
2022-03-14,9368.866730093678,9478.829954625293,9258.90350556206,9390.859375,1817400,INTP.JK
2022-03-15,9390.859833480046,9500.823063380281,9302.88924955986,9368.8671875,3157600,INTP.JK
2022-03-16,9368.866730093678,9456.83730971897,9280.896150468385,9390.859375,2330600,INTP.JK
2022-03-17,9390.860010217737,9588.793827763311,9390.860010217737,9500.8232421875,3006200,INTP.JK
2022-03-18,9544.807290183657,9654.7705078125,9258.902924348662,9654.7705078125,2411300,INTP.JK
2022-03-21,9566.800471047794,9566.800471047794,9236.910799632353,9346.8740234375,2545000,INTP.JK
2022-03-22,9346.873818674396,9544.8076171875,9346.873818674396,9544.8076171875,3330800,INTP.JK
2022-03-23,9522.815035478785,9588.79296875,9456.83710220757,9588.79296875,1571500,INTP.JK
2022-03-24,9456.836716080581,9654.7705078125,9434.844072554812,9654.7705078125,1898300,INTP.JK
2022-03-25,9610.785220760963,9654.7705078125,9346.873498451738,9654.7705078125,3242600,INTP.JK
2022-03-28,9610.786072198276,9720.749299568966,9456.83755387931,9566.80078125,3387000,INTP.JK
2022-03-29,9632.77707122093,9632.77707122093,9456.8359375,9456.8359375,1478100,INTP.JK
2022-03-30,9544.80819597397,9654.771424038187,9478.83025913544,9610.7861328125,2227900,INTP.JK
2022-03-31,9632.778594475058,9632.778594475058,9412.852142546404,9478.830078125,3451500,INTP.JK
2022-04-01,9522.814321095571,9522.814321095571,9346.873178904429,9434.84375,1114000,INTP.JK
2022-04-04,9456.83755387931,9566.80078125,9302.889035560345,9566.80078125,1533900,INTP.JK
2022-04-05,9522.814972908267,9566.800261466735,9368.866462953629,9544.8076171875,917100,INTP.JK
2022-04-06,9412.852297247024,9500.822879464286,9236.9111328125,9236.9111328125,3705600,INTP.JK
2022-04-07,9258.903717479068,9390.859589937201,9148.940490430623,9192.92578125,1786600,INTP.JK
2022-04-08,9192.92578125,9302.889008298445,9148.940490430623,9192.92578125,1546000,INTP.JK
2022-04-11,9148.939583333333,9192.924869791666,8907.0205078125,8907.0205078125,2974600,INTP.JK
2022-04-12,8907.021603759169,9016.984833435208,8775.065728147922,8994.9921875,4052900,INTP.JK
2022-04-13,8972.999481726045,8972.999481726045,8775.065669629146,8951.0068359375,4720800,INTP.JK
2022-04-14,8863.036591942631,8951.007178463153,8797.05865205224,8841.0439453125,3859700,INTP.JK
2022-04-18,8863.036071929551,9016.98458930798,8797.058135910223,8819.05078125,3128500,INTP.JK
2022-04-19,8819.050125456204,9104.954493613139,8819.050125456204,9038.9765625,2717500,INTP.JK
2022-04-20,9060.970125305625,9126.948063111247,8907.021603759169,8994.9921875,2784400,INTP.JK
2022-04-21,8994.991605411022,9104.95482797106,8885.028382850986,8929.013671875,2865500,INTP.JK
2022-04-22,8929.013671875,8951.006316387007,8819.050449314964,8929.013671875,3675400,INTP.JK
2022-04-25,8885.027864583333,9038.9763671875,8819.049934895833,8907.0205078125,1894400,INTP.JK
2022-04-26,8907.020948314439,9302.888546017304,8907.020948314439,9214.91796875,4478100,INTP.JK
2022-04-27,9214.918886765587,9280.896826288968,9082.963007718825,9170.93359375,1659100,INTP.JK
2022-04-28,9236.910613066826,9390.859123284607,9148.940035799524,9214.91796875,3044900,INTP.JK
2022-05-09,9192.925209960938,9192.925209960938,8665.101752929688,8797.0576171875,7586100,INTP.JK
2022-05-10,8797.058135910223,8929.014007948877,8621.11697319202,8819.05078125,8059600,INTP.JK
2022-05-11,8863.036158389137,9324.881715029762,8863.036158389137,9236.9111328125,5489100,INTP.JK
2022-05-12,9192.925406019089,9192.925406019089,8885.028382850986,8929.013671875,4115800,INTP.JK
2022-05-13,8313.219013115286,8621.116013601037,8313.219013115286,8489.16015625,20270500,INTP.JK
2022-05-17,8489.161071777344,8577.131652832031,8247.241973876953,8445.17578125,17420300,INTP.JK
2022-05-18,8489.160476838699,8709.0869140625,8357.204614504419,8709.0869140625,4336200,INTP.JK
2022-05-19,8621.116730279899,8643.109375,8401.19028307888,8643.109375,2592900,INTP.JK
2022-05-20,8643.108982895359,8797.057488952021,8599.1236954506,8709.0869140625,3606000,INTP.JK
2022-05-23,8797.059165632754,8929.015053117246,8753.073869804592,8863.037109375,3042200,INTP.JK
2022-05-24,8929.013734106924,9038.976957433364,8885.028444776348,8972.9990234375,7329500,INTP.JK
2022-05-25,8972.9990234375,8994.991668102788,8841.043155445772,8972.9990234375,4765400,INTP.JK
2022-05-27,9038.977142776268,9302.888884171196,9038.977142776268,9104.955078125,6762300,INTP.JK
2022-05-30,9104.95541717604,9302.88923059291,8972.999541564792,8994.9921875,10664700,INTP.JK
2022-05-31,8994.992586660508,9060.970527393958,8555.1396484375,8555.1396484375,127108100,INTP.JK
2022-06-02,8621.117246986041,8731.08047717719,8511.154016794893,8665.1025390625,28375200,INTP.JK
2022-06-03,8775.065708705357,8775.065708705357,8577.131895727041,8621.1171875,10301900,INTP.JK
2022-06-06,8643.108982895359,8753.07220150726,8599.1236954506,8709.0869140625,14423200,INTP.JK
2022-06-07,8801.737565445026,8940.712369109948,8732.250163612565,8848.0625,9154100,INTP.JK
2022-06-08,8848.06204966807,9010.199312358322,8778.574651372248,8940.7119140625,6595300,INTP.JK
2022-06-09,8963.874570826481,8987.037037417764,8801.7373046875,8801.7373046875,6586300,INTP.JK
2022-06-10,8801.7367748504,8824.899240047374,8662.761983668552,8709.0869140625,4572200,INTP.JK
2022-06-13,8662.76162803108,8662.76162803108,8361.649592832138,8477.4619140625,6727400,INTP.JK
2022-06-14,8454.300328696647,8593.275128620427,8407.97539538872,8546.9501953125,2534000,INTP.JK
2022-06-15,8546.950026292066,8616.437424879809,8431.1376953125,8431.1376953125,2517400,INTP.JK
2022-06-16,8477.46315068784,8616.437956436821,8477.46315068784,8523.7880859375,3341000,INTP.JK
2022-06-17,8431.137510557432,8570.1123046875,8384.812579180743,8570.1123046875,5089600,INTP.JK
2022-06-20,8570.11302118716,8593.27548881199,8407.975747813349,8523.7880859375,6446000,INTP.JK
2022-06-21,8546.949657683677,8709.0869140625,8523.787192486703,8709.0869140625,2825800,INTP.JK
2022-06-22,8662.762792705525,8732.250194786051,8593.275390625,8593.275390625,1596400,INTP.JK
2022-06-23,8593.275105365954,8801.7373046875,8523.787705592105,8801.7373046875,3098700,INTP.JK
2022-06-24,8801.736333120203,9102.848365569052,8755.41140505115,9056.5234375,10502200,INTP.JK
2022-06-27,9056.52379306891,9079.686258012822,8824.899143629807,9033.361328125,5489100,INTP.JK
2022-06-28,9010.199672788149,9010.199672788149,8755.412535511363,8917.5498046875,2339300,INTP.JK
2022-06-29,8848.062237870066,8963.874570826481,8732.249904913651,8801.7373046875,4066400,INTP.JK
2022-06-30,8894.38654353562,8987.036403364116,8616.436964050132,8778.57421875,5478500,INTP.JK
2022-07-01,8778.574309653424,8801.7367748504,8570.112122880651,8709.0869140625,3650400,INTP.JK
2022-07-04,8709.087826936142,8732.250294560972,8454.30068306301,8523.7880859375,3831400,INTP.JK
2022-07-05,8570.112661966463,8639.600061928353,8500.625262004573,8546.9501953125,3088700,INTP.JK
2022-07-06,8546.949747612265,8639.599609375,8361.650024086797,8639.599609375,4673300,INTP.JK
2022-07-07,8639.599526434075,8639.599526434075,8431.137339469178,8454.2998046875,1850400,INTP.JK
2022-07-08,8523.788445163487,8570.113382365464,8384.81363355756,8500.6259765625,3284300,INTP.JK
2022-07-11,8407.974874250856,8454.2998046875,8361.649943814213,8454.2998046875,3813700,INTP.JK
2022-07-12,8454.299538352272,8454.299538352272,8338.487215909092,8407.974609375,3267100,INTP.JK
2022-07-13,8407.97532353705,8431.137789993074,8338.487924168974,8361.650390625,4605600,INTP.JK
2022-07-14,8338.487569060773,8407.974965469613,8315.32510359116,8384.8125,2205700,INTP.JK
2022-07-15,8384.812409032535,8662.761991652396,8361.649943814213,8454.2998046875,3406400,INTP.JK
2022-07-18,8570.112923264824,8616.437857985175,8523.787988544475,8593.275390625,976500,INTP.JK
2022-07-19,8593.274940104166,8685.9248046875,8500.625075520833,8685.9248046875,1867700,INTP.JK
2022-07-20,8662.762074815684,8685.924540256368,8616.437143934316,8639.599609375,1288700,INTP.JK
2022-07-21,8685.924448865526,8709.0869140625,8639.599518471576,8709.0869140625,782700,INTP.JK
2022-07-22,8685.924711681548,8824.899507068452,8639.599779885913,8755.412109375,1077500,INTP.JK
2022-07-25,8639.600325345351,8732.250194786051,8546.950455904649,8593.275390625,1375400,INTP.JK
2022-07-26,8593.27548881199,8616.437956436821,8477.46315068784,8523.7880859375,1396900,INTP.JK
2022-07-27,8523.7880859375,8546.95055356233,8431.138215438179,8523.7880859375,1023900,INTP.JK
2022-07-28,8546.95055356233,8593.27548881199,8500.62561831267,8523.7880859375,1160300,INTP.JK
2022-07-29,8546.950100806453,8639.59996639785,8477.462701612903,8616.4375,1630600,INTP.JK
2022-08-01,8616.437061215753,8639.599526434075,8431.137339469178,8454.2998046875,1635300,INTP.JK
2022-08-02,8454.299449816428,8546.949306800718,8454.299449816428,8477.4619140625,920700,INTP.JK
2022-08-03,8523.787560096154,8593.274958683895,8407.975229116586,8431.1376953125,2293600,INTP.JK
2022-08-04,8500.625398234577,8940.712271712662,8500.625398234577,8917.5498046875,6993400,INTP.JK
2022-08-05,9033.362042928478,9079.686976481958,8824.899841937822,8987.037109375,4035400,INTP.JK
2022-08-08,8987.03639823718,9126.011187900642,8987.03639823718,9033.361328125,3702000,INTP.JK
2022-08-09,9056.524244555538,9149.174108949966,8940.7119140625,8940.7119140625,3020700,INTP.JK
2022-08-10,8940.711821176094,9010.19921875,8755.41209431234,9010.19921875,1730000,INTP.JK
2022-08-11,9010.198953791181,9056.523884144864,8963.8740234375,8963.8740234375,1591200,INTP.JK
2022-08-12,8987.03639823718,9102.84872295673,8824.899143629807,9033.361328125,3167900,INTP.JK
2022-08-15,9033.362238219896,9033.362238219896,8848.0625,8848.0625,1451500,INTP.JK
2022-08-16,8871.224704461349,8894.387171052633,8755.412371504935,8801.7373046875,2063600,INTP.JK
2022-08-18,8801.737231182797,8824.899697580646,8616.4375,8616.4375,2207500,INTP.JK
2022-08-19,8546.95055356233,8570.11302118716,8477.46315068784,8523.7880859375,3154400,INTP.JK
2022-08-22,8523.787728658537,8616.43759527439,8477.46279535061,8546.9501953125,4176200,INTP.JK
2022-08-23,8593.275390625,8755.412662146226,8546.950455904649,8593.275390625,4323200,INTP.JK
2022-08-24,8593.275105365954,8824.899771278784,8593.275105365954,8801.7373046875,5760100,INTP.JK
2022-08-25,8801.737497911095,8824.899965010862,8616.437761112968,8662.7626953125,3582900,INTP.JK
2022-08-26,8662.762432795698,8685.92489919355,8616.4375,8616.4375,2149200,INTP.JK
2022-08-29,8523.787282171583,8639.599609375,8523.787282171583,8639.599609375,2124700,INTP.JK
2022-08-30,8616.4375,8732.249831989247,8593.27503360215,8616.4375,1482800,INTP.JK
2022-08-31,8616.437313988095,8755.412109375,8570.112382192461,8755.412109375,1749200,INTP.JK
2022-09-01,8755.412298387097,8755.412298387097,8593.27503360215,8616.4375,1482400,INTP.JK
2022-09-02,8616.436964050132,8778.57421875,8616.436964050132,8778.57421875,1688700,INTP.JK
2022-09-05,8755.412109375,8778.574575272818,8639.599779885913,8755.412109375,5425200,INTP.JK
2022-09-06,8755.412109375,8778.574575272818,8639.599779885913,8755.412109375,2260600,INTP.JK
2022-09-07,8755.412630890052,8940.712369109948,8709.087696335078,8848.0625,3873500,INTP.JK
2022-09-08,8940.712008404047,8940.712008404047,8848.062143031984,8871.224609375,3594900,INTP.JK
2022-09-09,8894.387337662338,8987.037205762987,8871.224870637176,8917.5498046875,2283900,INTP.JK
2022-09-12,8940.712731709316,8940.712731709316,8755.41298597441,8824.900390625,1742500,INTP.JK
2022-09-13,8824.899583569462,8963.874380161107,8778.574651372248,8940.7119140625,2294200,INTP.JK
2022-09-14,8848.061697553294,8963.8740234375,8824.899232376454,8963.8740234375,2164200,INTP.JK
2022-09-15,8963.874114990234,9033.361511230469,8848.061787923178,8894.38671875,2345400,INTP.JK
2022-09-16,8917.549430789515,9195.4990234375,8871.224498681517,9195.4990234375,4823200,INTP.JK
2022-09-19,9195.4990234375,9218.661489491498,9033.361761059508,9195.4990234375,2867000,INTP.JK
2022-09-20,9241.823418645576,9473.448065729424,9126.011095103651,9357.6357421875,8423200,INTP.JK
2022-09-21,9427.124381831127,9450.286849599754,9264.98710745074,9403.9619140625,5081500,INTP.JK
2022-09-22,9311.311167222393,9334.4736328125,9172.336373681761,9334.4736328125,3171100,INTP.JK
2022-09-23,9334.47389564043,9473.448693094135,9218.661564429012,9380.798828125,4687500,INTP.JK
2022-09-26,9357.635832294265,9427.123227088528,9172.336112842893,9288.1484375,1652400,INTP.JK
2022-09-27,9288.14961184731,9288.14961184731,9079.687401107596,9149.1748046875,1791400,INTP.JK
2022-09-28,9149.174543773855,9195.49947817271,8940.712338979007,9102.849609375,1532100,INTP.JK
2022-09-29,9102.849082181878,9149.174013897815,8940.711821176094,9010.19921875,1594200,INTP.JK
2022-09-30,8987.037037417764,8987.037037417764,8778.574838096218,8801.7373046875,2658600,INTP.JK
2022-10-03,8801.7367748504,8824.899240047374,8685.924448865526,8709.0869140625,1835800,INTP.JK
2022-10-04,8801.737231182797,8801.737231182797,8616.4375,8616.4375,4394000,INTP.JK
2022-10-05,8685.924633129223,8685.924633129223,8546.949838999155,8570.1123046875,2432600,INTP.JK
2022-10-06,8570.112130779109,8616.437061215753,8454.2998046875,8454.2998046875,3690200,INTP.JK
2022-10-07,8477.462269905822,8500.624735124144,8431.137339469178,8454.2998046875,4496900,INTP.JK
2022-10-10,8454.300161508414,8500.62509390024,8407.975229116586,8431.1376953125,3412400,INTP.JK
2022-10-11,8477.462958514372,8685.925162412266,8407.975557215073,8662.7626953125,3922000,INTP.JK
2022-10-12,8709.087826936142,8709.087826936142,8454.30068306301,8523.7880859375,2226400,INTP.JK
2022-10-13,8523.786842554644,8546.949306800718,8431.136985570354,8477.4619140625,1059000,INTP.JK
2022-10-14,8523.78729281768,8593.27468922652,8384.8125,8384.8125,1617600,INTP.JK
2022-10-17,8384.81205707821,8477.4619140625,8338.487128586065,8477.4619140625,1655700,INTP.JK
2022-10-18,8523.78737331081,8593.274770375845,8431.137510557432,8570.1123046875,1890600,INTP.JK
2022-10-19,8570.11177366545,8801.736416196949,8500.624380906002,8732.2490234375,4889300,INTP.JK
2022-10-20,8709.087826936142,8824.900165060291,8523.7880859375,8523.7880859375,7319900,INTP.JK
2022-10-21,8593.274770375845,8639.599701752533,8546.949838999155,8570.1123046875,2732100,INTP.JK
2022-10-24,8593.275390625,8732.250194786051,8570.112923264824,8593.275390625,3661300,INTP.JK
2022-10-25,8593.27459599743,8593.27459599743,8431.137339469178,8454.2998046875,3028800,INTP.JK
2022-10-26,8454.299976245777,8570.1123046875,8454.299976245777,8570.1123046875,1524200,INTP.JK
2022-10-27,8570.11302118716,8616.437956436821,8523.7880859375,8523.7880859375,1403800,INTP.JK
2022-10-28,8523.787988544475,8593.275390625,8454.300586463949,8593.275390625,1821500,INTP.JK
2022-10-31,8593.275390625,8639.600325345351,8523.787988544475,8593.275390625,3260100,INTP.JK
2022-11-01,8732.249686446845,9496.61106483609,8732.249686446845,9450.2861328125,23452900,INTP.JK
2022-11-02,9450.28560102104,9450.28560102104,9264.98588335396,9357.6357421875,4684400,INTP.JK
2022-11-03,9288.148348062345,9427.123136312654,9218.66095393719,9357.6357421875,5994500,INTP.JK
2022-11-04,9334.473786638573,9820.885572046538,9288.148854694959,9705.0732421875,13311400,INTP.JK
2022-11-07,9705.073504305226,9867.210770486936,9473.448838331355,9751.3984375,7410000,INTP.JK
2022-11-08,9867.210794588415,9913.535727896342,9496.611328125,9496.611328125,4252600,INTP.JK
2022-11-09,9473.448957213606,9681.911159206082,9311.311688997237,9427.1240234375,7629700,INTP.JK
2022-11-10,9427.123650525806,9705.0732421875,9357.636252610382,9705.0732421875,5997800,INTP.JK
2022-11-11,9728.235994664634,9797.723394626524,9473.448861471037,9496.611328125,2208100,INTP.JK
2022-11-14,9496.610617035802,9542.935546875,9403.960757357403,9542.935546875,1419800,INTP.JK
2022-11-15,9496.610530437809,9496.610530437809,9311.31081277073,9357.6357421875,2595000,INTP.JK
2022-11-16,9357.636748568702,9380.79921576813,8987.037273377862,9102.849609375,4118900,INTP.JK
2022-11-17,9033.362139813311,9102.849540888797,8824.89993658685,8917.5498046875,3082600,INTP.JK
2022-11-18,8917.549777560764,9172.3369140625,8894.387310606062,9172.3369140625,3251700,INTP.JK
2022-11-21,9195.498582732373,9218.661047676282,8987.03639823718,9033.361328125,1190500,INTP.JK
2022-11-22,9033.362139813311,9079.687073863635,8917.5498046875,8917.5498046875,889900,INTP.JK
2022-11-23,8940.711558260658,9056.523884144864,8940.711558260658,8963.8740234375,979300,INTP.JK
2022-11-24,8963.87393329327,9172.336117788462,8894.386538461538,9033.361328125,1868500,INTP.JK
2022-11-25,9033.36211233428,9195.499381017204,8987.037178424875,9172.3369140625,2177500,INTP.JK
2022-11-28,9172.336557383502,9241.823955545497,9102.849159221505,9195.4990234375,1828900,INTP.JK
2022-11-29,9195.49911762373,9218.661583914974,9102.849252458756,9126.01171875,1654000,INTP.JK
2022-11-30,9056.523876707757,9311.310993443782,9056.523876707757,9218.6611328125,5187400,INTP.JK
2022-12-01,9149.173999023438,9288.148793945313,9126.011533203126,9264.986328125,3197400,INTP.JK
2022-12-02,9311.311259765625,9357.63619140625,9126.011533203126,9264.986328125,2675500,INTP.JK
2022-12-05,9264.986421599497,9264.986421599497,9126.011625275503,9195.4990234375,1509100,INTP.JK
2022-12-06,9195.499285322681,9241.82421875,9010.199551613408,9241.82421875,2110700,INTP.JK
2022-12-07,9218.6611328125,9218.6611328125,9033.361411549937,9218.6611328125,2432900,INTP.JK
2022-12-08,9218.661847971907,9218.661847971907,8801.737442787247,9172.3369140625,2820000,INTP.JK
2022-12-09,9172.336557383502,9241.823955545497,9102.849159221505,9195.4990234375,2155300,INTP.JK
2022-12-12,9195.498930664062,9357.63619140625,9126.011533203126,9264.986328125,3288800,INTP.JK
2022-12-13,9334.473725585938,9334.473725585938,9149.173999023438,9264.986328125,2078700,INTP.JK
2022-12-14,9264.986685463658,9311.311618890977,9195.499285322681,9241.82421875,1405600,INTP.JK
2022-12-15,9241.824050206218,9241.824050206218,9102.849252458756,9126.01171875,874800,INTP.JK
2022-12-16,9079.686341865578,9218.6611328125,9056.523876707757,9218.6611328125,1019300,INTP.JK
2022-12-19,9218.662208267406,9218.662208267406,9056.524933247627,9149.1748046875,1099200,INTP.JK
2022-12-20,9149.174185041244,9195.49911762373,9079.686786167513,9126.01171875,1052400,INTP.JK
2022-12-21,9126.01171875,9195.49911762373,9033.361853585026,9126.01171875,557800,INTP.JK
2022-12-22,9126.01164285136,9126.01164285136,8917.549447963893,8940.7119140625,1281200,INTP.JK
2022-12-23,8940.71146834936,9033.361328125,8917.54900340545,9033.361328125,783600,INTP.JK
2022-12-26,9010.199740577289,9149.174543773855,8940.712338979007,9102.849609375,450300,INTP.JK
2022-12-27,9079.686511321339,9357.636098402605,9079.686511321339,9334.4736328125,1871400,INTP.JK
2022-12-28,9288.1484375,9311.310902431422,9172.336112842893,9288.1484375,1369700,INTP.JK
2022-12-29,9264.986421599497,9288.148887653495,9172.336557383502,9195.4990234375,720900,INTP.JK
2022-12-30,9264.986781881315,9264.986781881315,9149.174447107796,9172.3369140625,1114400,INTP.JK
2023-01-02,9172.33620249686,9218.6611328125,9079.686341865578,9218.6611328125,268700,INTP.JK
2023-01-03,9218.661583914974,9218.661583914974,9102.849252458756,9126.01171875,958000,INTP.JK
2023-01-04,9126.01082960358,9195.498221707161,8963.873581361891,9056.5234375,3837100,INTP.JK
2023-01-05,9056.524606838473,9102.849540888797,8848.062403612013,8917.5498046875,3648800,INTP.JK
2023-01-06,8871.224660389458,9403.96138934235,8848.062193913247,9311.3115234375,5144900,INTP.JK
2023-01-09,9380.798642791971,9519.7734375,9264.986313868612,9519.7734375,2257200,INTP.JK
2023-01-10,9380.798922866139,9427.123855818563,9264.986590485074,9311.3115234375,1420700,INTP.JK
2023-01-11,9357.636622773342,9519.773890989713,9241.824288333079,9427.1240234375,4578700,INTP.JK
2023-01-12,9519.7730819554,9681.910336392597,9427.123222277003,9542.935546875,7565700,INTP.JK
2023-01-13,9542.935903284671,9658.748232208029,9450.286040145986,9519.7734375,1821000,INTP.JK
2023-01-16,9542.936261432927,9658.748594702744,9496.611328125,9496.611328125,2676500,INTP.JK
2023-01-17,9496.61135260025,9519.773819313908,9079.686951754386,9241.82421875,5632300,INTP.JK
2023-01-18,9241.824412571565,9241.824412571565,9033.362207776718,9102.849609375,2109600,INTP.JK
2023-01-19,9033.361669921875,9334.473725585938,9010.199204101562,9264.986328125,2532100,INTP.JK
2023-01-20,9241.824776785714,9241.824776785714,9056.525031887755,9079.6875,2587800,INTP.JK
2023-01-24,9102.848365569052,9172.335757672634,9033.360973465473,9056.5234375,2315700,INTP.JK
2023-01-25,9056.52431987627,9172.336651332487,9033.361853585026,9126.01171875,1914000,INTP.JK
2023-01-26,9172.33602452042,9519.772995146193,9172.33602452042,9357.6357421875,5718500,INTP.JK
2023-01-27,9357.636649700127,9357.636649700127,9126.011980153095,9172.3369140625,2417000,INTP.JK
2023-01-30,9126.012076574427,9195.49947817271,9056.524674976145,9102.849609375,2342900,INTP.JK
2023-01-31,9102.849067382813,9311.311259765625,9102.849067382813,9264.986328125,6935200,INTP.JK
2023-02-01,9334.474182745424,9427.124050564236,9126.011980153095,9172.3369140625,3936100,INTP.JK
2023-02-02,9357.636086579107,9658.748138870018,9264.986224335747,9589.2607421875,8692800,INTP.JK
2023-02-03,9589.261078456662,9867.210674933667,9566.098612083579,9820.8857421875,9921700,INTP.JK
2023-02-06,9959.860077947038,10307.297057410307,9913.535147351935,10168.322265625,11924900,INTP.JK
2023-02-07,10098.835774361949,10237.810578596287,9983.0234375,9983.0234375,3552100,INTP.JK
2023-02-08,9936.697961258562,10191.485088470321,9890.373029038243,10145.16015625,2554500,INTP.JK
2023-02-09,10145.159800327448,10307.297057410307,10029.347473839693,10168.322265625,6242700,INTP.JK
2023-02-10,10284.135263480392,10654.734732434641,10260.97279667075,10631.572265625,13571700,INTP.JK
2023-02-13,10608.40891413103,10724.221238521108,10446.271659984923,10562.083984375,4522800,INTP.JK
2023-02-14,10585.247051532451,10979.00897686298,10585.247051532451,10840.0341796875,8118500,INTP.JK
2023-02-15,10840.034732578633,10840.034732578633,10446.272787164451,10677.8974609375,2342300,INTP.JK
2023-02-16,10701.058773643092,10724.221238521108,10469.434124862939,10562.083984375,2196300,INTP.JK
2023-02-17,10538.921342329546,10631.571200284092,10191.484375,10191.484375,3181600,INTP.JK
2023-02-20,10284.1357421875,10492.597953177787,10191.485870636261,10284.1357421875,4469000,INTP.JK
2023-02-21,10353.621800472862,10631.571379009047,10353.621800472862,10562.083984375,3114200,INTP.JK
2023-02-22,10469.434927591463,10562.084794207318,10353.622594321647,10446.2724609375,2152900,INTP.JK
2023-02-23,10446.272556849888,10515.759957449776,10307.297755650112,10376.78515625,840000,INTP.JK
2023-02-24,10469.435485289978,10469.435485289978,10284.1357421875,10284.1357421875,1618100,INTP.JK
2023-02-27,10284.134858630952,10562.084449404761,10145.160063244048,10214.6474609375,2464000,INTP.JK
2023-02-28,10260.972917398174,10353.622785726826,10075.67318074087,10307.2978515625,2952600,INTP.JK
2023-03-01,10307.29766101372,10446.2724609375,10214.647794397866,10446.2724609375,1428000,INTP.JK
2023-03-02,10423.110186973314,10469.43512113764,10307.2978515625,10307.2978515625,2214600,INTP.JK
2023-03-03,10446.272272890454,10747.384333971553,10353.622407942423,10585.2470703125,5450600,INTP.JK
2023-03-06,10631.571831357161,10747.38416067478,10446.272104448977,10469.4345703125,3997600,INTP.JK
2023-03-07,10423.109375,10562.084166666666,10307.297048611112,10423.109375,2286900,INTP.JK
2023-03-08,10423.110064338234,10631.572265625,10376.785130718954,10631.572265625,4477000,INTP.JK
2023-03-09,10608.409798815359,10631.572265625,10469.434997957516,10631.572265625,2924200,INTP.JK
2023-03-10,10562.084865196079,10631.572265625,10492.597464767157,10631.572265625,1977300,INTP.JK
2023-03-13,10631.571847098214,10631.571847098214,10098.835131448413,10214.6474609375,3317800,INTP.JK
2023-03-14,10191.484375,10330.459161931818,10006.18465909091,10191.484375,2192400,INTP.JK
2023-03-15,10098.835461128048,10191.485327743903,9496.611328125,9496.611328125,4529900,INTP.JK
2023-03-16,9172.336117788462,9241.823512620193,8848.061608573718,9033.361328125,12136300,INTP.JK
2023-03-17,9033.361669921875,9450.2860546875,9010.199204101562,9264.986328125,15715000,INTP.JK
2023-03-20,9264.98649691358,9450.286226851851,9195.499098186729,9380.798828125,2940000,INTP.JK
2023-03-21,9403.961029582815,9519.773357533342,9288.148701632288,9334.4736328125,1843800,INTP.JK
2023-03-24,9357.636098402605,9403.961029582815,9172.336373681761,9334.4736328125,3053800,INTP.JK
2023-03-27,9334.473458601602,9334.473458601602,9079.686341865578,9218.6611328125,5063900,INTP.JK
2023-03-28,9380.798117897728,9959.859730113636,9357.635653409092,9936.697265625,6148900,INTP.JK
2023-03-29,9959.860179227942,10052.510041360294,9797.722920496324,9844.0478515625,3169100,INTP.JK
2023-03-30,9867.209872159092,10098.834517045454,9797.722478693182,9936.697265625,2810600,INTP.JK
2023-03-31,9890.373237084323,9890.373237084323,9635.586104513064,9751.3984375,5009300,INTP.JK
2023-04-03,9797.72373046875,9890.373600260416,9450.28671875,9728.236328125,4292400,INTP.JK
2023-04-04,9728.236066462321,9820.885933761961,9542.936331863039,9681.9111328125,2681900,INTP.JK
2023-04-05,9728.235660347043,9751.398126205013,9010.19921875,9010.19921875,15167900,INTP.JK
2023-04-06,9102.849513198391,9241.82431492661,9033.36211233428,9172.3369140625,4868800,INTP.JK
2023-04-10,9172.3369140625,9218.661847971907,9079.687046243687,9172.3369140625,1568700,INTP.JK
2023-04-11,9172.336703616827,9566.0986328125,9102.849304347004,9566.0986328125,6471400,INTP.JK
2023-04-12,9566.09853891226,9820.885667067309,9450.286207932691,9635.5859375,4818500,INTP.JK
2023-04-13,9635.585860906864,9658.748326918658,9450.2861328125,9450.2861328125,2257200,INTP.JK
2023-04-14,9496.610971715329,9635.585766423357,9473.448505930657,9519.7734375,2177000,INTP.JK
2023-04-17,9473.4487671194,9612.42356565905,9403.961367849577,9566.0986328125,2720000,INTP.JK
2023-04-18,9566.09827662666,9681.910604430857,9566.09827662666,9589.2607421875,1337600,INTP.JK
2023-04-26,9496.611398213217,9681.9111328125,9264.986729964116,9681.9111328125,3767600,INTP.JK
2023-04-27,9589.261523437499,9867.2111328125,9589.261523437499,9728.236328125,3514200,INTP.JK
2023-04-28,9774.56113641273,10052.5107421875,9542.936464933755,10052.5107421875,6691700,INTP.JK
2023-05-02,9728.235177521658,9728.235177521658,9357.6357421875,9357.6357421875,5104200,INTP.JK
2023-05-03,9357.63619140625,9357.63619140625,9102.849067382813,9264.986328125,3706400,INTP.JK
2023-05-04,9264.986328125,9334.473725585938,9195.498930664062,9264.986328125,2754200,INTP.JK
2023-05-05,9264.986328125,9264.986328125,9126.011533203126,9264.986328125,3934000,INTP.JK
2023-05-08,9288.149222109183,9496.611424101658,9218.661821445025,9427.1240234375,3938500,INTP.JK
2023-05-09,9427.123483261625,9681.910604430857,9380.798552139946,9589.2607421875,3319500,INTP.JK
2023-05-10,9566.098462871478,9635.585860906864,9450.2861328125,9450.2861328125,1507000,INTP.JK
2023-05-11,9450.286751222493,9542.936621332517,9334.474413584963,9473.44921875,2225600,INTP.JK
2023-05-12,9473.448598824296,9635.585860906864,9357.636268765318,9450.2861328125,1417400,INTP.JK
2023-05-15,9450.2861328125,9450.2861328125,9357.636268765318,9450.2861328125,1373900,INTP.JK
2023-05-16,9450.286040145986,9542.935903284671,9403.961108576643,9519.7734375,2551600,INTP.JK
2023-05-17,9566.09792215738,9728.2351750753,9496.610528049698,9612.4228515625,2922900,INTP.JK
2023-05-19,9496.61106483609,9566.098462871478,9264.986404718138,9450.2861328125,3591400,INTP.JK
2023-05-22,9450.285687196601,9658.747871472999,9403.960757357403,9542.935546875,2467700,INTP.JK
2023-05-23,9519.773819313908,9519.773819313908,9195.499285322681,9241.82421875,6370600,INTP.JK
2023-05-24,9241.824124008863,9334.473989913713,9172.336724580224,9311.3115234375,3874200,INTP.JK
2023-05-25,9311.311167222393,9450.285960763027,9264.986236042183,9334.4736328125,4723700,INTP.JK
2023-05-26,9334.473989913713,9427.123855818563,9311.3115234375,9311.3115234375,2161800,INTP.JK
2023-05-29,9367.800967945772,9603.1728515625,9344.2637795841,9603.1728515625,1780800,INTP.JK
2023-05-30,9579.63535108844,9697.3212890625,9485.486600709193,9697.3212890625,1121300,INTP.JK
2023-05-31,9579.635633680555,9603.172821969696,9320.7265625,9320.7265625,5428000,INTP.JK
2023-06-05,9367.800939078283,9391.338127367424,9250.114997632576,9320.7265625,2967200,INTP.JK
2023-06-06,9273.651599464514,9320.725973065857,9203.0400390625,9203.0400390625,4546700,INTP.JK
2023-06-07,9203.04027313547,9273.651835333441,9038.279961340206,9132.4287109375,5333200,INTP.JK
2023-06-08,9132.429106152089,9155.966294570006,8991.205975644581,9014.7431640625,5733900,INTP.JK
2023-06-09,9038.280194805195,9108.89175882711,8897.057066761365,9061.8173828125,5758500,INTP.JK
2023-06-12,9061.816842215401,9250.114335040656,9061.816842215401,9226.5771484375,3359600,INTP.JK
2023-06-13,9250.114335040656,9320.725894850128,9226.5771484375,9226.5771484375,2485200,INTP.JK
2023-06-14,9226.577225863171,9297.188786265186,9155.965665461157,9203.0400390625,3881300,INTP.JK
2023-06-15,9250.114919513539,9344.263671875,9203.040543332809,9344.263671875,2019000,INTP.JK
2023-06-16,9320.726051682692,9320.726051682692,9179.5029296875,9179.5029296875,3568400,INTP.JK
2023-06-19,9250.115076147153,9320.726641613925,9203.040699169303,9297.189453125,1916900,INTP.JK
2023-06-20,9297.188786265186,9297.188786265186,9179.502852261829,9203.0400390625,1488100,INTP.JK
2023-06-21,9203.039961834344,9226.5771484375,9061.816842215401,9226.5771484375,3460600,INTP.JK
2023-06-22,9203.0400390625,9273.651599464514,9179.502852261829,9203.0400390625,1898000,INTP.JK
2023-06-23,9179.502775231185,9367.80026805644,9179.502775231185,9226.5771484375,2745300,INTP.JK
2023-06-26,9273.651677684295,9297.188864683494,9179.5029296875,9179.5029296875,1029000,INTP.JK
2023-06-27,9226.577731423173,9344.263671875,9155.966167152077,9344.263671875,2698800,INTP.JK
2023-07-03,9344.263477571867,9344.263477571867,9085.354413961564,9108.8916015625,3986100,INTP.JK
2023-07-04,9132.429026285807,9132.429026285807,8991.205897013346,9038.2802734375,3755800,INTP.JK
2023-07-05,9038.279884318767,9203.040194709994,8991.205509921272,9155.9658203125,3658800,INTP.JK
2023-07-06,9179.503432765152,9367.800939078283,9179.503432765152,9320.7265625,6189500,INTP.JK
2023-07-07,9320.725868055555,9579.634919945987,9297.188681520061,9532.560546875,3901100,INTP.JK
2023-07-10,9532.560624226486,9626.709371132425,9461.94906404703,9509.0234375,2924800,INTP.JK
2023-07-11,9532.561052976733,9673.7841796875,9461.94948962135,9673.7841796875,4504700,INTP.JK
2023-07-12,9673.78457656635,9744.396142818658,9556.0986328125,9556.0986328125,4992300,INTP.JK
2023-07-13,9556.098318407012,9720.858634241617,9556.098318407012,9650.2470703125,3337100,INTP.JK
2023-07-14,9767.932695029438,9838.544256680252,9650.246758944746,9744.3955078125,4295100,INTP.JK
2023-07-17,9744.395743042884,9838.544494183394,9626.709804117245,9673.7841796875,4020400,INTP.JK
2023-07-18,9673.7841796875,9720.858555257755,9509.023865191606,9673.7841796875,2128100,INTP.JK
2023-07-20,9697.321684966217,9697.321684966217,9485.486987964527,9579.6357421875,2458200,INTP.JK
2023-07-21,9603.172384510868,9767.932695029438,9461.949261209238,9744.3955078125,4190800,INTP.JK
2023-07-24,9767.932695029438,9815.007069463314,9650.246758944746,9744.3955078125,3271300,INTP.JK
2023-07-25,9697.320826480263,9932.692691200658,9673.783640008223,9838.5439453125,5764300,INTP.JK
2023-07-26,9885.618710275423,9885.618710275423,9720.8583984375,9720.8583984375,1739600,INTP.JK
2023-07-27,9744.395981732538,9767.93317009421,9579.635663200828,9603.1728515625,1806900,INTP.JK
2023-07-28,9603.172231820914,9791.4697265625,9603.172231820914,9791.4697265625,994200,INTP.JK
2023-07-31,9791.469649280576,9909.155582565198,9673.783715995953,9815.0068359375,3596700,INTP.JK
2023-08-01,9885.618395908274,9909.155582565198,9673.783715995953,9815.0068359375,1403100,INTP.JK
2023-08-02,9815.007341533688,9956.23046875,9673.784214317377,9956.23046875,4095700,INTP.JK
2023-08-03,9979.767947635135,10827.106735641892,9956.230759079392,10450.51171875,17143000,INTP.JK
2023-08-04,10474.048907305743,10615.272038640203,10426.974530194257,10450.51171875,3413200,INTP.JK
2023-08-07,10450.51161049365,10568.197552053261,10191.6025390625,10191.6025390625,2705800,INTP.JK
2023-08-08,10168.064685314685,10450.510926573426,10003.304377913753,10097.453125,5693200,INTP.JK
2023-08-09,10309.288008079442,10403.436757011676,10120.990510214977,10332.8251953125,6261300,INTP.JK
2023-08-10,10262.213556463068,10379.899491743608,10215.139182350853,10356.3623046875,6018000,INTP.JK
2023-08-11,10262.213479662698,10497.585348462302,10262.213479662698,10379.8994140625,2557000,INTP.JK
2023-08-14,10403.436798434035,10615.271484375,10262.213674473393,10615.271484375,3033500,INTP.JK
2023-08-15,10615.271640972995,10662.346016320991,10474.048514929009,10568.197265625,2243900,INTP.JK
2023-08-16,10544.66,10591.734375,10356.362500000001,10591.734375,1299100,INTP.JK
2023-08-18,10568.197344098771,10568.197344098771,10356.36265345982,10544.66015625,1967100,INTP.JK
2023-08-21,10497.585427024149,10497.585427024149,10332.825117631392,10356.3623046875,1857200,INTP.JK
2023-08-22,10356.362227182539,10426.97378782242,10356.362227182539,10379.8994140625,1487900,INTP.JK
2023-08-23,10356.362073222348,10474.048005872603,10356.362073222348,10426.9736328125,1423800,INTP.JK
2023-08-24,10450.511561098654,10709.420631306053,10450.511561098654,10497.5859375,3214200,INTP.JK
2023-08-25,10544.659845132743,10638.80859375,10450.511096515487,10638.80859375,1815400,INTP.JK
2023-08-28,10615.271878503363,10685.883443105382,10497.5859375,10497.5859375,1516800,INTP.JK
2023-08-29,10497.586016502808,10615.271958391853,10474.048828125,10474.048828125,564100,INTP.JK
2023-08-30,10497.585744875287,10544.660120412844,10262.2138671875,10262.2138671875,3466800,INTP.JK
2023-08-31,10238.676324291764,10238.676324291764,9979.76726781542,10073.916015625,3552000,INTP.JK
2023-09-01,10073.916328862028,10073.916328862028,9838.544452019458,9979.767578125,2337000,INTP.JK
2023-09-04,9979.767578125,10168.065079599057,9885.61882738797,9979.767578125,1591200,INTP.JK
2023-09-05,9979.76726781542,10144.527576482184,9956.230080863026,10073.916015625,2404200,INTP.JK
2023-09-06,10097.453942956061,10332.825829738253,10073.916754277841,10144.5283203125,2193200,INTP.JK
2023-09-07,10144.527576482184,10144.527576482184,9932.692893910631,10073.916015625,1147700,INTP.JK
2023-09-08,10120.990974126733,10191.6025390625,10050.379409190964,10191.6025390625,1530500,INTP.JK
2023-09-11,10191.601919022818,10403.436600942461,10144.527545262898,10379.8994140625,2733500,INTP.JK
2023-09-12,10426.974422181725,10426.974422181725,10144.528162438655,10191.6025390625,1078100,INTP.JK
2023-09-13,10215.139182350853,10356.3623046875,10215.139182350853,10356.3623046875,1828900,INTP.JK
2023-09-14,10379.899806031393,10379.899806031393,10238.67667941872,10262.2138671875,316500,INTP.JK
2023-09-15,10332.824913699127,10332.824913699127,10120.990234375,10120.990234375,1957000,INTP.JK
2023-09-18,10073.916453887196,10120.990829839939,9650.2470703125,9650.2470703125,4753600,INTP.JK
2023-09-19,9650.246758944746,10003.304567198822,9579.63519729393,9744.3955078125,3688300,INTP.JK
2023-09-20,9720.85803915895,9720.85803915895,9509.023360339506,9532.560546875,5293600,INTP.JK
2023-09-21,9485.486754477895,9697.321446265243,9461.949566501524,9650.2470703125,3451500,INTP.JK
2023-09-22,9650.24655785891,9697.32093131188,9485.486250773514,9509.0234375,3152000,INTP.JK
2023-09-25,9509.023671290524,9603.172420511222,9414.874922069826,9438.412109375,3419100,INTP.JK
2023-09-26,9485.486201072226,9532.56057427854,9155.965588628029,9226.5771484375,6657200,INTP.JK
2023-09-27,9226.577272022332,9485.486328125,9203.040085103908,9485.486328125,3108700,INTP.JK
2023-09-29,9509.023908605528,9509.023908605528,9344.263593357413,9367.80078125,2067700,INTP.JK
2023-10-02,9438.411877320545,9556.09781095297,9391.337503867575,9509.0234375,1605700,INTP.JK
2023-10-03,9556.09781095297,9579.634997679455,9438.411877320545,9509.0234375,1838500,INTP.JK
2023-10-04,9461.949296680175,9461.949296680175,9250.114610933604,9438.412109375,2442300,INTP.JK
2023-10-05,9461.948987268517,9579.634919945987,9367.800241126542,9532.560546875,2951200,INTP.JK
2023-10-06,9532.560858595698,9532.560858595698,9391.337734764651,9438.412109375,1554000,INTP.JK
2023-10-09,9391.3378125,9461.949375,9273.651875,9414.875,1431700,INTP.JK
2023-10-10,9461.94906404703,9579.634997679455,9461.94906404703,9509.0234375,1708900,INTP.JK
2023-10-11,9532.561096498115,9556.098284390704,9367.80078125,9367.80078125,2679200,INTP.JK
2023-10-12,9391.337657416045,9532.560780083955,9391.337657416045,9461.94921875,1445300,INTP.JK
2023-10-13,9461.949375,9603.1725,9391.3378125,9414.875,1976400,INTP.JK
2023-10-16,9414.874767369727,9556.097888880273,9391.337580451303,9485.486328125,1316600,INTP.JK
2023-10-17,9509.023788304004,9744.395664252124,9509.023788304004,9697.3212890625,3548200,INTP.JK
2023-10-18,9697.321575126263,9697.321575126263,9320.7265625,9320.7265625,3421000,INTP.JK
2023-10-19,9320.726641613925,9414.875395569621,9226.577887658228,9297.189453125,1997700,INTP.JK
2023-10-20,9250.1142578125,9297.188630625795,9132.428325779263,9250.1142578125,1394600,INTP.JK
2023-10-23,9250.114806812662,9250.114806812662,8967.668553169528,9085.3544921875,2742200,INTP.JK
2023-10-24,9085.354413961564,9250.11472716812,9085.354413961564,9108.8916015625,1686000,INTP.JK
2023-10-25,9132.428867794688,9226.577619009067,9085.3544921875,9085.3544921875,2178800,INTP.JK
2023-10-26,9132.428831049465,9132.428831049465,8638.147889162768,8802.908203125,5436300,INTP.JK
2023-10-27,8826.445708403717,8897.057274070947,8591.073822846283,8708.759765625,3521600,INTP.JK
2023-10-30,8708.759845020326,8732.29703379065,8614.611089939024,8685.22265625,1497700,INTP.JK
2023-10-31,8685.222498315365,8779.371251684637,8496.92499157682,8732.296875,2114100,INTP.JK
2023-11-01,8944.131127661401,8944.131127661401,8567.5361328125,8567.5361328125,2092600,INTP.JK
2023-11-02,8614.610778317694,8920.594221263405,8614.610778317694,8779.37109375,3555800,INTP.JK
2023-11-03,8826.4453125,8944.13125,8826.4453125,8826.4453125,1544900,INTP.JK
2023-11-06,9014.742469009088,9367.80026805644,8897.056535993303,9226.5771484375,3708800,INTP.JK
2023-11-07,9273.651444219147,9603.172053912214,9132.428325779263,9250.1142578125,4153300,INTP.JK
2023-11-08,9250.114647934117,9250.114647934117,8991.205586541559,9132.4287109375,1801700,INTP.JK
2023-11-09,9132.429026285807,9179.503402709961,9038.2802734375,9038.2802734375,900800,INTP.JK
2023-11-10,9038.279920212766,9038.279920212766,8802.908047290559,8849.982421875,2804500,INTP.JK
2023-11-13,8920.593905421088,8920.593905421088,8826.445157078913,8873.51953125,709500,INTP.JK
2023-11-14,8873.51953125,8920.593905421088,8779.370782907825,8873.51953125,764700,INTP.JK
2023-11-15,8920.593905421088,8920.593905421088,8802.90796999337,8873.51953125,1224000,INTP.JK
2023-11-16,8873.51960916722,8873.51960916722,8779.370859998338,8849.982421875,808700,INTP.JK
2023-11-17,8849.98226686508,8944.13101438492,8826.445079985118,8897.056640625,2015100,INTP.JK
2023-11-20,8897.057300188155,9061.81762056201,8849.982922938481,8991.2060546875,1150200,INTP.JK
2023-11-21,9038.280080213905,9038.280080213905,8755.83382770722,8802.908203125,2156800,INTP.JK
2023-11-22,8826.445708403717,8849.98289695946,8685.222577069257,8708.759765625,1236600,INTP.JK
2023-11-23,8685.222577069257,8849.98289695946,8685.222577069257,8708.759765625,1768700,INTP.JK
2023-11-24,8708.759686657682,8779.371251684637,8661.685309973047,8732.296875,1490300,INTP.JK
2023-11-27,8755.834142736487,8873.520085515203,8708.759765625,8708.759765625,1138400,INTP.JK
2023-11-28,8755.834063342318,8826.445628369273,8708.759686657682,8732.296875,1515500,INTP.JK
2023-11-29,8826.44523458278,8873.51960916722,8755.833672706118,8849.982421875,1202600,INTP.JK
2023-11-30,8779.371258903953,9603.1728515625,8732.296882180606,9603.1728515625,4742900,INTP.JK
2023-12-01,9038.280431937173,9179.503563686192,8826.445734313646,8991.2060546875,3911400,INTP.JK
2023-12-04,8920.594141669451,8944.131329378342,8802.908203125,8802.908203125,1855800,INTP.JK
2023-12-05,8826.445003298153,8920.59375,8732.296256596306,8920.59375,1702600,INTP.JK
2023-12-06,8873.519299958882,8991.205232319078,8873.519299958882,8944.130859375,2460900,INTP.JK
2023-12-07,8944.131756479659,9038.280511811025,8849.983001148294,8967.6689453125,1020200,INTP.JK
2023-12-08,8991.205625,8991.205625,8802.908125,8826.4453125,1637800,INTP.JK
2023-12-11,8849.982344164457,8897.056718335543,8779.370782907825,8873.51953125,544000,INTP.JK
2023-12-12,8873.51960916722,8991.205545628325,8779.370859998338,8849.982421875,1655000,INTP.JK
2023-12-13,8826.445548765121,8826.445548765121,8638.1480437248,8755.833984375,2452000,INTP.JK
2023-12-14,8755.833984375,8826.445548765121,8732.29679624496,8755.833984375,701300,INTP.JK
2023-12-15,8755.833984375,8873.519925025203,8732.29679624496,8755.833984375,1921300,INTP.JK
2023-12-18,8708.75960811492,8802.908360635081,8708.75960811492,8755.833984375,479100,INTP.JK
2023-12-19,8755.833315641983,8826.444874639097,8661.6845703125,8661.6845703125,1116500,INTP.JK
2023-12-20,8708.759098574112,8779.37065883282,8614.6103515625,8614.6103515625,1886900,INTP.JK
2023-12-21,8638.147538315403,8708.759098574112,8591.073164809597,8614.6103515625,853300,INTP.JK
2023-12-22,8661.685309973047,8779.371251684637,8638.148121630727,8732.296875,608300,INTP.JK
2023-12-27,8755.834063342318,8826.445628369273,8685.222498315365,8732.296875,1204300,INTP.JK
2023-12-28,8779.370859998338,8920.593983751663,8755.833672706118,8849.982421875,1052800,INTP.JK
2023-12-29,8873.51960916722,8897.056796459441,8779.370859998338,8849.982421875,1286900,INTP.JK
2024-01-02,8849.982344164457,8944.131092506632,8826.445157078913,8873.51953125,315900,INTP.JK
2024-01-03,8873.519925025203,8897.057113155242,8755.833984375,8755.833984375,626300,INTP.JK
2024-01-04,8732.296717912199,8849.982657506702,8732.296717912199,8779.37109375,562100,INTP.JK
2024-01-05,8779.371411331302,8826.445788871952,8685.22265625,8685.22265625,2135900,INTP.JK
2024-01-08,8685.22265625,8732.29703379065,8638.14827870935,8685.22265625,1071100,INTP.JK
2024-01-09,8685.221911821209,8708.759098574112,8614.6103515625,8614.6103515625,1253400,INTP.JK
2024-01-10,8614.6103515625,8708.759098574112,8614.6103515625,8614.6103515625,821700,INTP.JK
2024-01-11,8685.222419984879,8802.908360635081,8661.685231854839,8755.833984375,1499400,INTP.JK
2024-01-12,8802.908440026955,8802.908440026955,8708.759686657682,8732.296875,1149700,INTP.JK
2024-01-15,8732.296285327015,8732.296285327015,8614.6103515625,8614.6103515625,1551300,INTP.JK
2024-01-16,8685.222498315365,8779.371251684637,8638.148121630727,8732.296875,745800,INTP.JK
2024-01-17,8755.83339364782,8755.83339364782,8614.610274395436,8638.1474609375,1708600,INTP.JK
2024-01-18,8638.147538315403,8708.759098574112,8614.6103515625,8614.6103515625,925000,INTP.JK
2024-01-19,8685.221834021628,8685.221834021628,8591.073087853372,8638.1474609375,902100,INTP.JK
2024-01-22,8614.61082356771,8638.148011610243,8473.3876953125,8473.3876953125,2321100,INTP.JK
2024-01-23,8473.387538846686,8543.999101670408,8402.775976022962,8520.4619140625,2046200,INTP.JK
2024-01-24,8520.462334857724,8685.22265625,8426.313579776423,8685.22265625,1937400,INTP.JK
2024-01-25,8638.14769434667,8708.759255880837,8543.998945634443,8567.5361328125,854400,INTP.JK
2024-01-26,8826.445788871952,8826.445788871952,8567.536712398374,8685.22265625,1357500,INTP.JK
2024-01-29,8708.75933518423,8708.75933518423,8520.461836045111,8543.9990234375,1015700,INTP.JK
2024-01-30,8614.61058561467,8614.61058561467,8520.461836045111,8543.9990234375,931200,INTP.JK
2024-01-31,8543.999180336737,8591.073555985977,8496.9248046875,8496.9248046875,2074900,INTP.JK
2024-02-01,8496.925122001927,8520.462310705532,8402.7763671875,8402.7763671875,1845800,INTP.JK
2024-02-02,8426.313555891107,8473.38793329832,8379.239178483895,8402.7763671875,1522000,INTP.JK
2024-02-05,8449.850824591818,8496.925202444698,8355.70206888606,8379.2392578125,1355400,INTP.JK
2024-02-06,8379.239099598464,8591.073795936627,8355.701911116446,8426.3134765625,1748700,INTP.JK
2024-02-07,8520.461714311079,8520.461714311079,8285.08984375,8285.08984375,3200200,INTP.JK
2024-02-12,8285.090502106741,8449.850824591818,8285.090502106741,8379.2392578125,1665600,INTP.JK
2024-02-13,8379.238829691976,8379.238829691976,8214.478515625,8214.478515625,2820500,INTP.JK
2024-02-15,8285.089886675823,8755.83363023695,8285.089886675823,8567.5361328125,6885100,INTP.JK
2024-02-16,8567.53600832153,8567.53600832153,8308.626953125,8308.626953125,4421000,INTP.JK
2024-02-19,8332.164139961047,8379.238513633143,8308.626953125,8308.626953125,1291600,INTP.JK
2024-02-20,8355.701600807148,8567.536289278314,8308.627225591334,8520.4619140625,2384800,INTP.JK
2024-02-21,8520.461992512119,8543.999180336737,8379.238865564404,8496.9248046875,1770800,INTP.JK
2024-02-22,8496.92464865272,8567.53621082989,8449.850273867942,8543.9990234375,907000,INTP.JK
2024-02-23,8543.999101670408,8543.999101670408,8379.238788415056,8520.4619140625,1749100,INTP.JK
2024-02-26,8520.461681292809,8661.684803082191,8426.312933433219,8591.0732421875,2376300,INTP.JK
2024-02-27,8614.61058561467,8638.14777300706,8449.850273867942,8543.9990234375,1631500,INTP.JK
2024-02-28,8543.998945634443,8591.073319990555,8496.92457127833,8567.5361328125,795600,INTP.JK
2024-02-29,8567.53621082989,8591.07339822228,8449.850273867942,8543.9990234375,2125100,INTP.JK
2024-03-01,8449.849968600987,8638.1474609375,8426.312782058923,8638.1474609375,1888300,INTP.JK
2024-03-04,8591.073715507486,8591.073715507486,8449.8505859375,8449.8505859375,627200,INTP.JK
2024-03-05,8473.38793329832,8473.38793329832,8308.627612373075,8402.7763671875,2048900,INTP.JK
2024-03-06,8402.776446738939,8402.776446738939,8332.16487995962,8379.2392578125,1284500,INTP.JK
2024-03-07,8332.164375,8379.23875,8238.015625,8238.015625,3930300,INTP.JK
2024-03-08,8238.015703348854,8308.627266520414,8190.941327901146,8214.478515625,3073400,INTP.JK
2024-03-13,8214.478657384074,8238.015845514114,8002.64396421371,8026.18115234375,3859400,INTP.JK
2024-03-14,8073.255466505029,8261.552970096984,8073.255466505029,8190.94140625,2096200,INTP.JK
2024-03-15,8261.55271314538,8261.55271314538,8120.329589843749,8120.32958984375,1668800,INTP.JK
2024-03-18,8120.329589843749,8214.478338711504,8120.329589843749,8120.32958984375,1761700,INTP.JK
2024-03-19,8120.329825418037,8167.404201217562,8026.181073818988,8049.71826171875,1694300,INTP.JK
2024-03-20,8096.792637518275,8143.867013317799,8002.643885919225,8049.71826171875,2040000,INTP.JK
2024-03-21,8096.792558764577,8214.478497118713,8049.718183422922,8073.25537109375,2292300,INTP.JK
2024-03-22,8238.015605128088,8308.627167457758,8073.255293025526,8096.79248046875,3897000,INTP.JK
2024-03-25,8214.478515625,8214.478515625,8096.79257700573,8214.478515625,2210800,INTP.JK
2024-03-26,8214.478594198994,8214.478594198994,8120.329842403017,8190.94140625,1679400,INTP.JK
2024-03-27,8190.94125,8261.5528125,8143.866875000001,8238.015625,2281100,INTP.JK
2024-03-28,8238.015625,8261.5528125,8096.7925000000005,8238.015625,1576200,INTP.JK
2024-04-01,8238.016046262255,8402.7763671875,8120.330102744223,8402.7763671875,2181000,INTP.JK
2024-04-02,8285.089766288951,8308.626953125,8190.941018944759,8308.626953125,1854000,INTP.JK
2024-04-03,8308.627345994972,8308.627345994972,8167.404218301006,8190.94140625,1830800,INTP.JK
2024-04-04,8214.478515625,8214.478515625,8120.329764729584,8214.478515625,999900,INTP.JK
2024-04-05,8167.403964277626,8167.403964277626,8096.792402626811,8120.32958984375,1366100,INTP.JK
2024-04-16,8096.7924234330485,8261.552734375,8049.718048878205,8261.552734375,3660900,INTP.JK
2024-04-17,8261.552771935096,8261.552771935096,7955.5693359375,7955.5693359375,4471900,INTP.JK
2024-04-18,8002.643931658435,8002.643931658435,7743.73486328125,7743.73486328125,3177500,INTP.JK
2024-04-19,7696.660333371629,7696.660333371629,7202.37939453125,7202.37939453125,8454300,INTP.JK
2024-04-22,7249.453535851538,7390.676656679814,7202.379162242112,7272.99072265625,3392000,INTP.JK
2024-04-23,7320.065273687101,7437.751210563099,7296.5280863119015,7367.1396484375,2604100,INTP.JK
2024-04-24,7367.139627761096,7390.676815070236,7225.91650390625,7225.91650390625,1948300,INTP.JK
2024-04-25,7225.916660796619,7249.453848616804,7061.156346055328,7178.84228515625,1998300,INTP.JK
2024-04-26,7249.453928094162,7272.991116172389,7084.693611546567,7155.30517578125,2170700,INTP.JK
2024-04-29,7155.305097336066,7249.453848616804,7131.767909515881,7178.84228515625,3337000,INTP.JK
2024-04-30,7202.379567792339,7437.751449092742,7202.379567792339,7296.5283203125,3145200,INTP.JK
2024-05-02,7108.23050254109,7178.842063824611,6684.561134839965,6802.2470703125,10070000,INTP.JK
2024-05-03,6849.321523030599,6967.007459852431,6684.561211480034,6778.7099609375,2723200,INTP.JK
2024-05-06,6872.858950109649,6919.9333264802635,6613.949880071272,6708.0986328125,3887900,INTP.JK
2024-05-07,6684.561112798145,6684.561112798145,6613.94955174746,6661.02392578125,2711800,INTP.JK
2024-05-08,6613.9499296300555,6637.487117991728,6402.115234375,6402.115234375,5481000,INTP.JK
2024-05-13,6425.652327291082,6425.652327291082,6260.892011206694,6284.42919921875,3352100,INTP.JK
2024-05-14,6331.503239239387,6378.577612765331,6190.280118661557,6237.3544921875,5100700,INTP.JK
2024-05-15,6260.891678950472,6284.428865713444,6072.594184846698,6237.3544921875,6805300,INTP.JK
2024-05-16,6284.428889313307,6543.337944678275,6237.354515610586,6378.57763671875,6167400,INTP.JK
2024-05-17,6378.577889769616,6519.801016480383,6378.577889769616,6449.189453125,2645800,INTP.JK
2024-05-20,6449.189375,6472.7265625,6355.040625000001,6472.7265625,2474700,INTP.JK
2024-05-21,6472.726658412388,6708.098536900111,6425.652282714844,6590.41259765625,5465400,INTP.JK
2024-05-22,6637.486973353794,6637.486973353794,6472.726658412388,6590.41259765625,4057900,INTP.JK
2024-05-27,6652.40625,6652.40625,6390.125,6390.125,4993200,INTP.JK
2024-05-28,6318.59375,6461.65625,6318.59375,6390.125,5999600,INTP.JK
2024-05-29,6366.28125,6366.28125,6270.90625,6270.90625,7350700,INTP.JK
2024-05-30,6270.90625,6270.90625,6080.15625,6175.53125,12587700,INTP.JK
2024-05-31,6175.53125,6413.96875,6127.84375,6175.53125,10200600,INTP.JK
2024-06-03,6127.84375,6318.59375,5984.78125,6199.375,6156400,INTP.JK
2024-06-04,6247.0625,6938.53125,6151.6875,6676.25,8863100,INTP.JK
2024-06-05,6676.25,6843.15625,6533.1875,6557.03125,4770400,INTP.JK
2024-06-06,6557.03125,6962.375,6557.03125,6962.375,7712000,INTP.JK
2024-06-07,6962.375,7463.09375,6962.375,7343.875,9505700,INTP.JK
2024-06-10,7391.5625,7391.5625,7129.28125,7320.03125,4372200,INTP.JK
2024-06-11,7224.65625,7653.84375,7153.125,7510.78125,6907100,INTP.JK
2024-06-12,7510.78125,7510.78125,7033.90625,7200.8125,2885500,INTP.JK
2024-06-13,7248.5,7439.25,7010.0625,7057.75,3512600,INTP.JK
2024-06-14,7057.75,7129.28125,6843.15625,6867.0,4726700,INTP.JK
2024-06-19,6867.0,7224.65625,6723.9375,7081.59375,4021400,INTP.JK
2024-06-20,7153.125,7200.8125,7033.90625,7033.90625,1610700,INTP.JK
2024-06-21,7057.75,7224.65625,6962.375,7105.4375,3475000,INTP.JK
2024-06-24,7105.4375,7153.125,6962.375,6986.21875,2415900,INTP.JK
2024-06-25,6986.21875,7010.0625,6747.78125,6890.84375,9381600,INTP.JK
2024-06-26,6914.6875,6962.375,6843.15625,6867.0,1904000,INTP.JK
2024-06-27,6938.53125,7105.4375,6867.0,6986.21875,2617200,INTP.JK
2024-06-28,6962.375,7153.125,6914.6875,6914.6875,4030000,INTP.JK
2024-07-01,7057.75,7057.75,6914.6875,7010.0625,4897900,INTP.JK
2024-07-02,7010.0625,7200.8125,6938.53125,7153.125,3819700,INTP.JK
2024-07-03,7248.5,7320.03125,7176.96875,7296.1875,3637500,INTP.JK
2024-07-04,7320.03125,7343.875,7081.59375,7105.4375,3111400,INTP.JK
2024-07-05,7129.28125,7153.125,6938.53125,7105.4375,2289600,INTP.JK
2024-07-08,7105.4375,7463.09375,6986.21875,7296.1875,6015200,INTP.JK
2024-07-09,7343.875,7510.78125,7224.65625,7248.5,3494300,INTP.JK
2024-07-10,7248.5,7582.3125,6938.53125,6986.21875,8035800,INTP.JK
2024-07-11,6986.21875,7200.8125,6986.21875,7057.75,5143600,INTP.JK
2024-07-12,7057.75,7176.96875,7057.75,7153.125,597000,INTP.JK
2024-07-15,7200.8125,7200.8125,6962.375,7033.90625,1384300,INTP.JK
2024-07-16,7105.4375,7105.4375,6890.84375,7010.0625,2343700,INTP.JK
2024-07-17,7081.59375,7081.59375,6962.375,7010.0625,1005300,INTP.JK
2024-07-18,7010.0625,7057.75,6986.21875,7010.0625,2287700,INTP.JK
2024-07-19,6962.375,7010.0625,6890.84375,7010.0625,3043800,INTP.JK
2024-07-22,7010.0625,7010.0625,6890.84375,6914.6875,865400,INTP.JK
2024-07-23,6914.6875,6962.375,6867.0,6914.6875,4153000,INTP.JK
2024-07-24,6938.53125,6938.53125,6867.0,6938.53125,818300,INTP.JK
2024-07-25,6938.53125,6986.21875,6867.0,6986.21875,2989100,INTP.JK
2024-07-26,6986.21875,6986.21875,6890.84375,6938.53125,1539000,INTP.JK
2024-07-29,6914.6875,6938.53125,6867.0,6867.0,2399900,INTP.JK
2024-07-30,6914.6875,6914.6875,6771.625,6890.84375,2474300,INTP.JK
2024-07-31,6914.6875,6986.21875,6867.0,6914.6875,1007100,INTP.JK
2024-08-01,6867.0,6986.21875,6843.15625,6914.6875,2364700,INTP.JK
2024-08-02,6890.84375,7010.0625,6867.0,6890.84375,1655400,INTP.JK
2024-08-05,6890.84375,6914.6875,6604.71875,6867.0,4364100,INTP.JK
2024-08-06,6867.0,6890.84375,6700.09375,6795.46875,4796600,INTP.JK
2024-08-07,6771.625,6867.0,6700.09375,6700.09375,1412300,INTP.JK
2024-08-08,6700.09375,6747.78125,6580.875,6580.875,1455400,INTP.JK
2024-08-09,6604.71875,6652.40625,6580.875,6580.875,1256400,INTP.JK
2024-08-12,6604.71875,6676.25,6580.875,6652.40625,843000,INTP.JK
2024-08-13,6700.09375,6843.15625,6604.71875,6747.78125,2357700,INTP.JK
2024-08-14,6795.46875,6890.84375,6771.625,6771.625,2325800,INTP.JK
2024-08-15,6771.625,6819.3125,6700.09375,6700.09375,798300,INTP.JK
2024-08-16,6771.625,6795.46875,6723.9375,6747.78125,673500,INTP.JK
2024-08-19,6747.78125,7033.90625,6747.78125,6938.53125,3705400,INTP.JK
2024-08-20,6986.21875,7033.90625,6914.6875,6938.53125,2005800,INTP.JK
2024-08-21,7010.0625,7033.90625,6843.15625,6843.15625,1318100,INTP.JK
2024-08-22,6819.3125,6867.0,6747.78125,6819.3125,1273200,INTP.JK
2024-08-23,6867.0,6890.84375,6819.3125,6819.3125,898600,INTP.JK
2024-08-26,6819.3125,6819.3125,6723.9375,6723.9375,1186400,INTP.JK
2024-08-27,6723.9375,6771.625,6676.25,6723.9375,1320600,INTP.JK
2024-08-28,6747.78125,6795.46875,6723.9375,6747.78125,672800,INTP.JK
2024-08-29,6795.46875,6914.6875,6723.9375,6723.9375,3612700,INTP.JK
2024-08-30,6795.46875,6795.46875,6580.875,6580.875,2443600,INTP.JK
2024-09-02,6604.71875,6867.0,6604.71875,6723.9375,3344200,INTP.JK
2024-09-03,6747.78125,6819.3125,6628.5625,6676.25,1871100,INTP.JK
2024-09-04,6628.5625,6652.40625,6485.5,6485.5,4895800,INTP.JK
2024-09-05,6485.5,6509.34375,6437.8125,6509.34375,4234400,INTP.JK
2024-09-06,6533.1875,6557.03125,6437.8125,6437.8125,1082000,INTP.JK
2024-09-09,6485.5,6533.1875,6437.8125,6485.5,1198000,INTP.JK
2024-09-10,6533.1875,6557.03125,6461.65625,6485.5,784500,INTP.JK
2024-09-11,6509.34375,6533.1875,6437.8125,6485.5,1533900,INTP.JK
2024-09-12,6461.65625,6533.1875,6461.65625,6461.65625,1152500,INTP.JK
2024-09-13,6485.5,6557.03125,6485.5,6509.34375,588800,INTP.JK
2024-09-17,6557.03125,6652.40625,6509.34375,6509.34375,1583600,INTP.JK
2024-09-18,6557.03125,6580.875,6485.5,6485.5,1090900,INTP.JK
2024-09-19,6485.5,6557.03125,6485.5,6509.34375,1578500,INTP.JK
2024-09-20,6509.34375,6580.875,6509.34375,6580.875,2924200,INTP.JK
2024-09-23,6580.875,6580.875,6485.5,6485.5,2700600,INTP.JK
2024-09-24,6461.65625,6533.1875,6461.65625,6461.65625,2625400,INTP.JK
2024-09-25,6509.34375,6723.9375,6461.65625,6676.25,5042600,INTP.JK
2024-09-26,6676.25,6700.09375,6509.34375,6580.875,1928600,INTP.JK
2024-09-27,6604.71875,6604.71875,6485.5,6533.1875,2209900,INTP.JK
2024-09-30,6580.875,6580.875,6485.5,6485.5,1959500,INTP.JK
2024-10-01,6533.1875,6580.875,6485.5,6509.34375,1643500,INTP.JK
2024-10-02,6509.34375,6557.03125,6413.96875,6485.5,2498600,INTP.JK
2024-10-03,6485.5,6628.5625,6485.5,6604.71875,1715600,INTP.JK
2024-10-04,6628.5625,6628.5625,6461.65625,6509.34375,1103900,INTP.JK
2024-10-07,6485.5,6628.5625,6461.65625,6628.5625,1600400,INTP.JK
2024-10-08,6628.5625,6628.5625,6533.1875,6580.875,700700,INTP.JK
2024-10-09,6580.875,6652.40625,6557.03125,6557.03125,578200,INTP.JK
2024-10-10,6557.03125,6628.5625,6533.1875,6580.875,947300,INTP.JK
2024-10-11,6604.71875,6914.6875,6557.03125,6890.84375,7100300,INTP.JK
2024-10-14,6914.6875,7033.90625,6795.46875,6962.375,4597100,INTP.JK
2024-10-15,6962.375,7081.59375,6867.0,6914.6875,2521900,INTP.JK
2024-10-16,6890.84375,7105.4375,6890.84375,7057.75,3081800,INTP.JK
2024-10-17,7057.75,7582.3125,7057.75,7534.625,7808300,INTP.JK
2024-10-18,7534.625,7534.625,7272.34375,7463.09375,3270800,INTP.JK
2024-10-21,7486.9375,7534.625,7320.03125,7320.03125,1224400,INTP.JK
2024-10-22,7343.875,7486.9375,7320.03125,7463.09375,1563700,INTP.JK
2024-10-23,7415.40625,7534.625,7320.03125,7439.25,1318700,INTP.JK
2024-10-24,7439.25,7439.25,7320.03125,7367.71875,596800,INTP.JK
2024-10-25,7343.875,7391.5625,7153.125,7248.5,1610600,INTP.JK
2024-10-28,7248.5,7248.5,6938.53125,7129.28125,1862500,INTP.JK
2024-10-29,7129.28125,7176.96875,7010.0625,7105.4375,726800,INTP.JK
2024-10-30,7153.125,7224.65625,6867.0,6962.375,1909800,INTP.JK
2024-10-31,6962.375,7010.0625,6747.78125,6867.0,1608900,INTP.JK
2024-11-01,6962.375,7057.75,6867.0,6867.0,1389500,INTP.JK
2024-11-04,6843.15625,6843.15625,6485.5,6557.03125,5142800,INTP.JK
2024-11-05,6604.71875,6652.40625,6461.65625,6628.5625,1959200,INTP.JK
2024-11-06,6628.5625,6747.78125,6509.34375,6509.34375,1227800,INTP.JK
2024-11-07,6580.875,6580.875,6366.28125,6437.8125,1930500,INTP.JK
2024-11-08,6461.65625,6509.34375,6366.28125,6509.34375,948100,INTP.JK
2024-11-11,6509.34375,6652.40625,6437.8125,6652.40625,2554100,INTP.JK
2024-11-12,6676.25,6771.625,6557.03125,6723.9375,1197400,INTP.JK
2024-11-13,6676.25,6676.25,6580.875,6604.71875,539500,INTP.JK
2024-11-14,6604.71875,6652.40625,6533.1875,6628.5625,658000,INTP.JK
2024-11-15,6580.875,6628.5625,6557.03125,6628.5625,834200,INTP.JK
2024-11-18,6604.71875,6676.25,6533.1875,6580.875,699300,INTP.JK
2024-11-19,6557.03125,6676.25,6557.03125,6676.25,287200,INTP.JK
2024-11-20,6676.25,6723.9375,6557.03125,6557.03125,201300,INTP.JK
2024-11-21,6604.71875,6628.5625,6509.34375,6557.03125,370600,INTP.JK
2024-11-22,6557.03125,6676.25,6533.1875,6676.25,351700,INTP.JK
2024-11-25,6676.25,6676.25,6509.34375,6509.34375,930700,INTP.JK
2024-11-26,6604.71875,6652.40625,6509.34375,6557.03125,318300,INTP.JK
2024-11-28,6604.71875,6676.25,6557.03125,6580.875,428900,INTP.JK
2024-11-29,6580.875,6580.875,6533.1875,6533.1875,288400,INTP.JK
2024-12-02,6461.65625,6580.875,6437.8125,6533.1875,700300,INTP.JK
2024-12-03,6533.1875,6628.5625,6461.65625,6580.875,1000900,INTP.JK
2024-12-04,6580.875,6676.25,6533.1875,6652.40625,1476500,INTP.JK
2024-12-05,6676.25,6676.25,6509.34375,6580.875,1225300,INTP.JK
2024-12-06,6580.875,6628.5625,6509.34375,6580.875,935300,INTP.JK
2024-12-09,6580.875,6747.78125,6580.875,6652.40625,1045600,INTP.JK
2024-12-10,6652.40625,6747.78125,6628.5625,6676.25,339500,INTP.JK
2024-12-11,6747.78125,6914.6875,6747.78125,6867.0,1172200,INTP.JK
2024-12-12,6914.6875,7010.0625,6843.15625,6962.375,2226600,INTP.JK
2024-12-13,6962.375,7010.0625,6819.3125,7010.0625,621200,INTP.JK
2024-12-16,6986.21875,7033.90625,6795.46875,7010.0625,1104400,INTP.JK
2024-12-17,7010.0625,7057.75,6843.15625,7010.0625,2108000,INTP.JK
2024-12-18,7010.0625,7105.4375,6914.6875,7010.0625,2315800,INTP.JK
2024-12-19,6986.21875,7010.0625,6843.15625,7010.0625,1100200,INTP.JK
2024-12-20,7010.0625,7057.75,6890.84375,7057.75,1198200,INTP.JK
2024-12-23,7057.75,7176.96875,7057.75,7153.125,940700,INTP.JK
2024-12-24,7200.8125,7272.34375,7057.75,7224.65625,2094000,INTP.JK
2024-12-27,7224.65625,7343.875,7153.125,7248.5,1715600,INTP.JK
2024-12-30,7320.03125,7391.5625,7057.75,7057.75,1692400,INTP.JK
2025-01-02,7057.75,7081.59375,6890.84375,7010.0625,503800,INTP.JK
2025-01-03,7010.0625,7057.75,6723.9375,6747.78125,961900,INTP.JK
2025-01-06,6771.625,6771.625,6485.5,6557.03125,1456700,INTP.JK
2025-01-07,6557.03125,6557.03125,6390.125,6437.8125,914300,INTP.JK
2025-01-08,6461.65625,6461.65625,6199.375,6223.21875,1562100,INTP.JK
2025-01-09,6223.21875,6270.90625,6104.0,6104.0,1309400,INTP.JK
2025-01-10,6151.6875,6175.53125,5984.78125,6008.625,1084800,INTP.JK
2025-01-13,5960.9375,5984.78125,5770.1875,5817.875,2064900,INTP.JK
2025-01-14,5817.875,5889.40625,5746.34375,5746.34375,1242600,INTP.JK
2025-01-15,5746.34375,5865.5625,5722.5,5841.71875,2199600,INTP.JK
2025-01-16,5889.40625,5960.9375,5817.875,5841.71875,1174400,INTP.JK
2025-01-17,5841.71875,5865.5625,5722.5,5794.03125,1222200,INTP.JK
2025-01-20,5794.03125,5937.09375,5746.34375,5817.875,1462900,INTP.JK
2025-01-21,5865.5625,5960.9375,5841.71875,5913.25,954200,INTP.JK
2025-01-22,5913.25,5960.9375,5841.71875,5841.71875,1347900,INTP.JK
2025-01-23,5865.5625,5937.09375,5841.71875,5841.71875,1087400,INTP.JK
2025-01-24,5841.71875,5865.5625,5770.1875,5770.1875,493700,INTP.JK
2025-01-30,5746.34375,5794.03125,5507.90625,5603.28125,2567900,INTP.JK
2025-01-31,5603.28125,5650.96875,5531.75,5603.28125,2673000,INTP.JK
2025-02-03,5579.4375,5579.4375,5436.375,5460.21875,1697400,INTP.JK
2025-02-04,5484.0625,5603.28125,5388.6875,5460.21875,2323500,INTP.JK
2025-02-05,5436.375,5436.375,5269.46875,5364.84375,4870100,INTP.JK
2025-02-06,5364.84375,5364.84375,5245.625,5317.15625,2482200,INTP.JK
2025-02-07,5245.625,5341.0,5150.25,5341.0,2790500,INTP.JK
2025-02-10,5341.0,5341.0,5078.71875,5150.25,2181500,INTP.JK
2025-02-11,5150.25,5150.25,4983.34375,5031.03125,2554100,INTP.JK
2025-02-12,5031.03125,5102.5625,4864.125,4935.65625,4341900,INTP.JK
2025-02-13,4959.5,5054.875,4864.125,5031.03125,1640500,INTP.JK
2025-02-14,5054.875,5078.71875,4864.125,5007.1875,2550200,INTP.JK
2025-02-17,5007.1875,5102.5625,4983.34375,5054.875,2195700,INTP.JK
2025-02-18,5054.875,5126.40625,5007.1875,5078.71875,2969100,INTP.JK
2025-02-19,5054.875,5102.5625,4983.34375,5078.71875,2136000,INTP.JK
2025-02-20,5078.71875,5078.71875,4840.28125,4911.8125,3152600,INTP.JK
2025-02-21,4911.8125,4911.8125,4792.59375,4887.96875,1917400,INTP.JK
2025-02-24,4887.96875,4887.96875,4749.675,4768.75,2380900,INTP.JK
2025-02-25,4768.75030328028,4840.281557829484,4606.61279296875,4606.61279296875,5309100,INTP.JK
2025-02-26,4606.6125,4663.8375,4578.0,4625.6875,4033800,INTP.JK
2025-02-27,4625.687698588182,4625.687698588182,4463.550191627359,4549.3876953125,4729500,INTP.JK
2025-02-28,4520.775,4520.775,4291.875,4291.875,6171100,INTP.JK
2025-03-03,4310.950096799616,4454.012600011993,4244.187595300507,4349.10009765625,8550300,INTP.JK
2025-03-04,4349.1001992449665,4349.1001992449665,4206.037692690856,4263.2626953125,5736800,INTP.JK
2025-03-05,4263.26278908837,4339.56279426221,4263.26278908837,4320.48779296875,2842900,INTP.JK
2025-03-06,4320.4875,4425.4,4320.4875,4339.5625,4249400,INTP.JK
2025-03-07,4339.5624031947855,4396.787401918233,4330.024903407544,4377.71240234375,5773600,INTP.JK
2025-03-10,4396.787785536139,4558.925296065671,4396.787785536139,4511.23779296875,3997900,INTP.JK
2025-03-11,4473.087599350935,4473.087599350935,4330.0250961734,4396.78759765625,3325100,INTP.JK
2025-03-12,4434.937694476043,4511.237697821868,4377.712691966675,4454.0126953125,3473000,INTP.JK
2025-03-13,4434.9375,4654.3,4425.4,4578.0,2932100,INTP.JK
2025-03-14,4606.612397237541,4606.612397237541,4358.637402769267,4377.71240234375,1859300,INTP.JK
2025-03-17,4396.787401918233,4444.4749008544395,4234.6499055351305,4377.71240234375,4077600,INTP.JK
2025-03-18,4425.400101597534,4425.400101597534,4091.5875939339267,4253.72509765625,3369700,INTP.JK
2025-03-19,4244.187403213739,4301.412401908756,4215.574903866231,4282.33740234375,1558200,INTP.JK
2025-03-20,4387.250297495861,4387.250297495861,4244.187787794909,4320.48779296875,2274300,INTP.JK
2025-03-21,4330.025202910469,4330.025202910469,4129.737693524742,4167.8876953125,4031000,INTP.JK
2025-03-24,4339.56269235322,4501.700199540043,4310.950191084957,4406.3251953125,6449000,INTP.JK
2025-03-25,4406.325,4663.8375,4406.325,4578.0,5564400,INTP.JK
2025-03-26,4625.6875,4959.5,4625.6875,4911.8125,5917500,INTP.JK
2025-03-27,4911.8125,5102.5625,4911.8125,4959.5,4212000,INTP.JK
2025-04-08,4616.149895890694,4616.149895890694,4310.949902773954,4330.02490234375,3528200,INTP.JK
2025-04-09,4282.337590221515,4701.987599062822,4263.2625898196375,4635.22509765625,6895800,INTP.JK
2025-04-10,4768.75,4864.125,4673.375,4792.59375,3637400,INTP.JK
2025-04-11,4673.375297214674,4673.375297214674,4587.537791755629,4606.61279296875,1401000,INTP.JK
2025-04-14,4625.6875,4935.65625,4625.6875,4864.125,2881400,INTP.JK
2025-04-15,5031.03125,5364.84375,5031.03125,5341.0,6731100,INTP.JK
2025-04-16,5341.0,5364.84375,5007.1875,5031.03125,4119900,INTP.JK
2025-04-17,5031.03125,5174.09375,5007.1875,5078.71875,2465500,INTP.JK
2025-04-21,5102.5625,5102.5625,4864.125,4935.65625,1810400,INTP.JK
2025-04-22,4935.65625,5126.40625,4840.28125,5078.71875,3520400,INTP.JK
2025-04-23,5126.40625,5174.09375,5054.875,5054.875,2529000,INTP.JK
2025-04-24,5102.5625,5150.25,4935.65625,5007.1875,2027400,INTP.JK
2025-04-25,5054.875,5197.9375,4959.5,5150.25,3144400,INTP.JK
2025-04-28,5221.78125,5221.78125,5078.71875,5150.25,2211000,INTP.JK
2025-04-29,5174.09375,5245.625,5078.71875,5102.5625,2815100,INTP.JK
2025-04-30,5126.40625,5245.625,5078.71875,5102.5625,3297500,INTP.JK
2025-05-02,5031.03125,5102.5625,4983.34375,5007.1875,2661100,INTP.JK
2025-05-05,5031.03125,5054.875,4792.59375,4911.8125,5042800,INTP.JK
2025-05-06,4911.8125,4959.5,4816.4375,4816.4375,4119500,INTP.JK
2025-05-07,4816.4375,4911.8125,4816.4375,4840.28125,3057400,INTP.JK
2025-05-08,4840.28125,5174.09375,4840.28125,4887.96875,7343000,INTP.JK
2025-05-09,4935.65625,5007.1875,4768.75,4768.75,4296600,INTP.JK
2025-05-14,4864.125,5007.1875,4816.4375,4959.5,5735600,INTP.JK
2025-05-15,4959.5,4983.34375,4840.28125,4959.5,6940600,INTP.JK
2025-05-16,5054.875,5150.25,4959.5,5102.5625,4088300,INTP.JK
2025-05-19,5150.25,5484.0625,5126.40625,5245.625,9315000,INTP.JK
2025-05-20,5269.46875,5341.0,4864.125,4911.8125,7491900,INTP.JK
2025-05-21,4935.65625,5102.5625,4935.65625,5078.71875,3836900,INTP.JK
2025-05-22,5102.5625,5460.21875,5054.875,5364.84375,9269500,INTP.JK
2025-05-23,5507.90625,5531.75,5412.53125,5507.90625,3299000,INTP.JK
2025-05-26,5531.75,5555.59375,5412.53125,5436.375,3714900,INTP.JK
2025-05-27,5436.375,5507.90625,5364.84375,5388.6875,2118400,INTP.JK
2025-05-28,5388.6875,5436.375,5293.3125,5341.0,3412400,INTP.JK
2025-06-02,5412.53125,5412.53125,5150.25,5341.0,5878400,INTP.JK
2025-06-03,5375.0,5375.0,5225.0,5275.0,2830300,INTP.JK
2025-06-04,5325.0,5350.0,5050.0,5100.0,3606200,INTP.JK
2025-06-05,5100.0,5150.0,5025.0,5150.0,2677300,INTP.JK
2025-06-10,5175.0,5575.0,5175.0,5550.0,6604600,INTP.JK
2025-06-11,5575.0,5575.0,5450.0,5550.0,3877200,INTP.JK
2025-06-12,5575.0,5625.0,5500.0,5575.0,2350000,INTP.JK
2025-06-13,5575.0,5675.0,5525.0,5650.0,4088500,INTP.JK
2025-06-16,5600.0,5650.0,5575.0,5650.0,1858400,INTP.JK
2025-06-17,5700.0,5775.0,5675.0,5700.0,3826100,INTP.JK
2025-06-18,5725.0,5775.0,5675.0,5725.0,2098400,INTP.JK
2025-06-19,5750.0,5775.0,5400.0,5575.0,1933100,INTP.JK
2025-06-20,5475.0,5625.0,5375.0,5500.0,11267700,INTP.JK
2025-06-23,5450.0,5500.0,5225.0,5300.0,3301400,INTP.JK
2025-06-24,5375.0,5425.0,5250.0,5300.0,1624400,INTP.JK
2025-06-25,5450.0,5450.0,5200.0,5225.0,3009700,INTP.JK
2025-06-26,5225.0,5300.0,5175.0,5275.0,856600,INTP.JK
2025-06-30,5275.0,5425.0,5250.0,5325.0,1050800,INTP.JK
2025-07-01,5250.0,5350.0,5200.0,5250.0,612700,INTP.JK
2025-07-02,5300.0,5300.0,5100.0,5225.0,2195200,INTP.JK
2025-07-03,5250.0,5400.0,5225.0,5350.0,1299900,INTP.JK
2025-07-04,5400.0,5400.0,5225.0,5300.0,530200,INTP.JK
2025-07-07,5300.0,5300.0,5200.0,5275.0,400000,INTP.JK
2025-07-08,5275.0,5550.0,5250.0,5475.0,1673400,INTP.JK
2025-07-09,5500.0,5550.0,5450.0,5475.0,1821300,INTP.JK
2025-07-10,5475.0,5550.0,5450.0,5450.0,1140000,INTP.JK
2025-07-11,5500.0,5600.0,5450.0,5500.0,1338000,INTP.JK
2025-07-14,5475.0,5525.0,5400.0,5500.0,922700,INTP.JK
2025-07-15,5500.0,5550.0,5425.0,5475.0,709400,INTP.JK
2025-07-16,5550.0,5550.0,5375.0,5425.0,1217100,INTP.JK
2025-07-17,5425.0,5475.0,5150.0,5150.0,4753200,INTP.JK
2025-07-18,5200.0,5225.0,5100.0,5125.0,2500400,INTP.JK
2025-07-21,5200.0,5250.0,5100.0,5200.0,2443900,INTP.JK
2025-07-22,5200.0,5200.0,5075.0,5075.0,1799100,INTP.JK
2025-07-23,5125.0,5225.0,5075.0,5225.0,1105900,INTP.JK
2025-07-24,5225.0,5325.0,5200.0,5200.0,2085700,INTP.JK
2025-07-25,5200.0,5275.0,5175.0,5275.0,1111700,INTP.JK
2025-07-28,5275.0,5450.0,5200.0,5225.0,5040300,INTP.JK
2025-07-29,5225.0,5275.0,5125.0,5225.0,2410100,INTP.JK
2025-07-30,5225.0,5250.0,5125.0,5200.0,1933700,INTP.JK
2025-07-31,5200.0,5350.0,5100.0,5250.0,4364100,INTP.JK
2025-08-01,5275.0,5600.0,5225.0,5600.0,4716000,INTP.JK
2025-08-04,5600.0,5675.0,5450.0,5525.0,2144500,INTP.JK
2025-08-05,5550.0,6175.0,5550.0,6000.0,6891900,INTP.JK
2025-08-06,6100.0,6225.0,5900.0,6100.0,5116600,INTP.JK
2025-08-07,6125.0,6200.0,6025.0,6150.0,4296800,INTP.JK
2025-08-08,6125.0,6175.0,6100.0,6125.0,4182100,INTP.JK
2025-08-11,6175.0,6750.0,6175.0,6650.0,8647000,INTP.JK
2025-08-12,6725.0,6750.0,6425.0,6425.0,5822100,INTP.JK
2025-08-13,6500.0,6525.0,6325.0,6450.0,4924800,INTP.JK
2025-08-14,6450.0,6525.0,6275.0,6525.0,3171700,INTP.JK
2025-08-15,6500.0,6500.0,6250.0,6475.0,5557200,INTP.JK
2025-08-19,6475.0,6475.0,6275.0,6350.0,3103900,INTP.JK
2025-08-20,6350.0,6500.0,6300.0,6475.0,2978500,INTP.JK
2025-08-21,6500.0,6625.0,6450.0,6600.0,1821800,INTP.JK
2025-08-22,6725.0,6725.0,6525.0,6600.0,1581500,INTP.JK
2025-08-25,6625.0,6850.0,6575.0,6850.0,3657500,INTP.JK
2025-08-26,6900.0,7075.0,6850.0,7075.0,5366100,INTP.JK
2025-08-27,7075.0,7100.0,6750.0,7000.0,5109300,INTP.JK
2025-08-28,7000.0,7025.0,6800.0,6925.0,3566800,INTP.JK
2025-08-29,6875.0,7025.0,6650.0,7000.0,7281200,INTP.JK
2025-09-01,6525.0,6900.0,6525.0,6775.0,2062800,INTP.JK
2025-09-02,6775.0,6875.0,6775.0,6775.0,1564800,INTP.JK
2025-09-03,6800.0,7050.0,6775.0,7000.0,2297800,INTP.JK
2025-09-04,7000.0,7025.0,6850.0,6900.0,1080900,INTP.JK
2025-09-08,6900.0,7025.0,6825.0,6900.0,1374600,INTP.JK
2025-09-09,6800.0,6975.0,6700.0,6950.0,2845300,INTP.JK
2025-09-10,6925.0,6950.0,6825.0,6850.0,682500,INTP.JK
2025-09-11,7000.0,7025.0,6825.0,6975.0,1635000,INTP.JK
2025-09-12,7025.0,7200.0,7025.0,7150.0,1094900,INTP.JK
2025-09-15,7175.0,7250.0,7075.0,7100.0,556900,INTP.JK
2025-09-16,7100.0,7125.0,6900.0,6950.0,846300,INTP.JK
2025-09-17,6925.0,6950.0,6825.0,6925.0,1302800,INTP.JK
2025-09-18,6975.0,6975.0,6800.0,6925.0,1521800,INTP.JK
2025-09-19,6825.0,7000.0,6825.0,6925.0,2717300,INTP.JK
2025-09-22,6925.0,7050.0,6925.0,6975.0,1162600,INTP.JK
2025-09-23,7025.0,7050.0,6925.0,7025.0,383100,INTP.JK
2025-09-24,7025.0,7025.0,6800.0,6800.0,685100,INTP.JK
2025-09-25,6800.0,6825.0,6725.0,6800.0,888500,INTP.JK
2025-09-26,6800.0,6800.0,6600.0,6600.0,865900,INTP.JK
2025-09-29,6600.0,6725.0,6600.0,6700.0,861700,INTP.JK
2025-09-30,6675.0,6725.0,6400.0,6525.0,2293900,INTP.JK
2025-10-01,6650.0,6650.0,6475.0,6525.0,2559400,INTP.JK
2025-10-02,6525.0,6650.0,6450.0,6525.0,2702900,INTP.JK
2025-10-03,6525.0,6575.0,6475.0,6550.0,1185300,INTP.JK
2025-10-06,6525.0,6775.0,6500.0,6775.0,1024700,INTP.JK
2025-10-07,6800.0,6800.0,6500.0,6525.0,1187300,INTP.JK
2025-10-08,6525.0,6600.0,6525.0,6550.0,386200,INTP.JK
2025-10-09,6550.0,6550.0,6300.0,6300.0,1961900,INTP.JK
2025-10-10,6250.0,6275.0,6050.0,6150.0,2807600,INTP.JK
2025-10-13,6125.0,6175.0,6025.0,6075.0,1663800,INTP.JK
2025-10-14,6075.0,6075.0,5925.0,5950.0,845600,INTP.JK
2025-10-15,5950.0,5975.0,5800.0,5800.0,1563500,INTP.JK
2025-10-16,5800.0,6000.0,5800.0,5950.0,577200,INTP.JK
2025-10-17,5975.0,6025.0,5850.0,5950.0,408700,INTP.JK
2025-10-20,5950.0,6225.0,5925.0,6100.0,1677800,INTP.JK
2025-10-21,6275.0,6300.0,6000.0,6050.0,804500,INTP.JK
2025-10-22,6050.0,6150.0,6000.0,6100.0,1876600,INTP.JK
2025-10-23,6000.0,6250.0,6000.0,6150.0,838300,INTP.JK
2025-10-24,6175.0,6525.0,6175.0,6325.0,1998900,INTP.JK
2025-10-27,6450.0,6525.0,6300.0,6350.0,1210400,INTP.JK
2025-10-28,6575.0,6575.0,6325.0,6350.0,896900,INTP.JK
2025-10-29,6325.0,6475.0,6325.0,6325.0,518500,INTP.JK
2025-10-30,6250.0,6400.0,6250.0,6250.0,877700,INTP.JK
2025-10-31,6300.0,6450.0,6200.0,6250.0,855600,INTP.JK
2025-11-03,6325.0,6475.0,6325.0,6400.0,1144600,INTP.JK
2025-11-04,6400.0,6400.0,6175.0,6225.0,2098000,INTP.JK
2025-11-05,6275.0,6300.0,6150.0,6225.0,1313400,INTP.JK
2025-11-06,6250.0,6475.0,6250.0,6475.0,1252900,INTP.JK
2025-11-07,6475.0,6700.0,6475.0,6675.0,1764500,INTP.JK
2025-11-10,6800.0,6825.0,6675.0,6725.0,2412500,INTP.JK
2025-11-11,6850.0,6850.0,6550.0,6700.0,831000,INTP.JK
2025-11-12,6700.0,6700.0,6450.0,6550.0,1750600,INTP.JK
2025-11-13,6625.0,6700.0,6600.0,6650.0,1506400,INTP.JK
2025-11-14,6600.0,6800.0,6600.0,6650.0,1601700,INTP.JK
2025-11-17,6700.0,6775.0,6650.0,6700.0,636600,INTP.JK
2025-11-18,6750.0,6825.0,6650.0,6725.0,1574800,INTP.JK
2025-11-19,6750.0,7025.0,6575.0,6950.0,2832500,INTP.JK
2025-11-20,7050.0,7125.0,6950.0,6950.0,1518300,INTP.JK
2025-11-21,6900.0,6950.0,6700.0,6800.0,606300,INTP.JK
2025-11-24,6800.0,6900.0,6650.0,6700.0,2060700,INTP.JK
2025-11-25,6700.0,6700.0,6525.0,6575.0,900300,INTP.JK
2025-11-26,6600.0,6850.0,6425.0,6825.0,2700100,INTP.JK
2025-11-27,6825.0,6850.0,6650.0,6775.0,1479500,INTP.JK
2025-11-28,6750.0,6750.0,6525.0,6575.0,1966200,INTP.JK
2025-12-01,6000.0,6650.0,6000.0,6550.0,2111300,INTP.JK
2025-12-02,6550.0,6650.0,6500.0,6575.0,754100,INTP.JK
2025-12-03,6600.0,6650.0,6550.0,6625.0,1645000,INTP.JK
2025-12-04,6650.0,6725.0,6400.0,6725.0,2028400,INTP.JK
2025-12-05,6725.0,6950.0,6600.0,6900.0,1444500,INTP.JK
2025-12-08,6925.0,6950.0,6650.0,6850.0,524100,INTP.JK
2025-12-09,6825.0,6825.0,6525.0,6525.0,880100,INTP.JK
2025-12-10,6550.0,6675.0,6500.0,6650.0,917300,INTP.JK
2025-12-11,6900.0,6900.0,6675.0,6825.0,1536600,INTP.JK
2025-12-12,6950.0,6950.0,6750.0,6900.0,1043900,INTP.JK
2025-12-15,7000.0,7000.0,6800.0,6925.0,867000,INTP.JK
2025-12-16,6875.0,6875.0,6725.0,6725.0,334000,INTP.JK
2025-12-17,6775.0,6875.0,6700.0,6825.0,995000,INTP.JK
2025-12-18,6850.0,6875.0,6650.0,6700.0,948300,INTP.JK
2025-12-19,6725.0,6975.0,6700.0,6950.0,984500,INTP.JK
2025-12-22,6850.0,7100.0,6825.0,7050.0,1106300,INTP.JK
2025-12-23,7050.0,7050.0,6850.0,7000.0,940100,INTP.JK
2025-12-24,6875.0,7075.0,6875.0,7025.0,744000,INTP.JK
2025-12-29,7025.0,7050.0,6900.0,7000.0,860400,INTP.JK
2025-12-30,7000.0,7475.0,6875.0,7475.0,6871200,INTP.JK
2026-01-02,7475.0,7475.0,7300.0,7400.0,459000,INTP.JK
2026-01-05,7375.0,7450.0,7200.0,7200.0,639800,INTP.JK
2026-01-06,7150.0,7250.0,7075.0,7100.0,1707100,INTP.JK
2026-01-07,7150.0,7175.0,6625.0,6625.0,3055500,INTP.JK
2026-01-08,6600.0,6800.0,6500.0,6800.0,3627500,INTP.JK
2026-01-09,6800.0,6900.0,6725.0,6900.0,1815800,INTP.JK
2026-01-12,6925.0,6950.0,6700.0,6875.0,2427700,INTP.JK
2026-01-13,6925.0,6975.0,6775.0,6950.0,2585500,INTP.JK
2026-01-14,6950.0,7000.0,6750.0,6850.0,1661900,INTP.JK
2026-01-15,6875.0,7025.0,6800.0,6975.0,1237200,INTP.JK
2026-01-19,7000.0,7175.0,6975.0,7000.0,942900,INTP.JK
2026-01-20,7000.0,7175.0,6875.0,6975.0,1032400,INTP.JK
2026-01-21,6900.0,6925.0,6750.0,6925.0,892300,INTP.JK
2026-01-22,6925.0,7050.0,6925.0,7000.0,957400,INTP.JK
2026-01-23,6925.0,7025.0,6900.0,7025.0,390000,INTP.JK
2026-01-26,7100.0,7100.0,6950.0,6950.0,457900,INTP.JK
2026-01-27,7025.0,7025.0,6800.0,7000.0,617200,INTP.JK
2026-01-28,6975.0,6975.0,6575.0,6950.0,2881100,INTP.JK
2026-01-29,6600.0,6600.0,6075.0,6500.0,4097900,INTP.JK
2026-01-30,6500.0,6775.0,6400.0,6650.0,1726100,INTP.JK
2026-02-02,6600.0,6775.0,6600.0,6600.0,1453100,INTP.JK
2026-02-03,6600.0,6700.0,6550.0,6575.0,1388400,INTP.JK
2026-02-04,6600.0,6700.0,6525.0,6575.0,891800,INTP.JK
2026-02-05,6600.0,6625.0,6400.0,6400.0,1391300,INTP.JK
2026-02-06,6400.0,6475.0,6250.0,6450.0,1906000,INTP.JK
2026-02-09,6550.0,6650.0,6450.0,6575.0,1114800,INTP.JK
2026-02-10,6650.0,6800.0,6550.0,6650.0,1947900,INTP.JK
2026-02-11,6700.0,6750.0,6575.0,6675.0,759100,INTP.JK
2026-02-12,6675.0,7000.0,6550.0,6875.0,1157100,INTP.JK
2026-02-13,6875.0,6875.0,6650.0,6700.0,928900,INTP.JK
2026-02-18,6700.0,6750.0,6575.0,6600.0,949100,INTP.JK
2026-02-19,6650.0,6650.0,6525.0,6550.0,459800,INTP.JK
2026-02-20,6550.0,6700.0,6525.0,6550.0,534900,INTP.JK
2026-02-23,6550.0,6650.0,6475.0,6600.0,1655700,INTP.JK
2026-02-24,6550.0,6575.0,6475.0,6475.0,1936100,INTP.JK
2026-02-25,6575.0,6575.0,6350.0,6500.0,2109800,INTP.JK
2026-02-26,6500.0,6500.0,6325.0,6325.0,986100,INTP.JK
2026-02-27,6325.0,6375.0,6200.0,6200.0,2191800,INTP.JK
2026-03-02,6025.0,6125.0,5950.0,5950.0,1812100,INTP.JK
2026-03-03,5950.0,6050.0,5850.0,5875.0,1573300,INTP.JK
2026-03-04,5875.0,5875.0,5650.0,5825.0,1357600,INTP.JK
2026-03-05,5825.0,5950.0,5750.0,5850.0,370000,INTP.JK
2026-03-06,5850.0,6075.0,5775.0,5800.0,786200,INTP.JK
2026-03-09,5625.0,5675.0,5425.0,5550.0,839200,INTP.JK
2026-03-10,5550.0,5675.0,5525.0,5550.0,640400,INTP.JK
2026-03-11,5600.0,5800.0,5475.0,5750.0,827500,INTP.JK
2026-03-12,5725.0,5750.0,5525.0,5550.0,555100,INTP.JK
2026-03-13,5500.0,5500.0,5400.0,5400.0,858200,INTP.JK
2026-03-16,5400.0,5450.0,5200.0,5425.0,1356200,INTP.JK
2026-03-17,5475.0,5500.0,5400.0,5500.0,505500,INTP.JK
2026-03-25,5500.0,5500.0,5300.0,5375.0,1169000,INTP.JK
2026-03-26,5400.0,5450.0,5300.0,5375.0,1487600,INTP.JK
2026-03-27,5375.0,5375.0,5225.0,5250.0,546600,INTP.JK
2026-03-30,5200.0,5250.0,5100.0,5175.0,1224200,INTP.JK
2026-03-31,5150.0,5150.0,5000.0,5050.0,2157700,INTP.JK
2026-04-01,5300.0,5425.0,5225.0,5325.0,1730700,INTP.JK
2026-04-02,5300.0,5300.0,5125.0,5125.0,997200,INTP.JK
2026-04-06,5125.0,5150.0,5025.0,5125.0,645700,INTP.JK
2026-04-07,5100.0,5100.0,5000.0,5025.0,769000,INTP.JK
2026-04-08,5100.0,5275.0,5100.0,5200.0,1255200,INTP.JK
2026-04-09,5200.0,5350.0,5175.0,5350.0,1157500,INTP.JK
2026-04-10,5375.0,5400.0,5275.0,5300.0,945000,INTP.JK
2026-04-13,5275.0,5500.0,5250.0,5300.0,2669400,INTP.JK
2026-04-14,5425.0,5475.0,5275.0,5325.0,1555000,INTP.JK
2026-04-15,5375.0,5400.0,5250.0,5275.0,2788900,INTP.JK
2026-04-16,5300.0,5425.0,5300.0,5375.0,1969300,INTP.JK
2026-04-17,5400.0,5550.0,5375.0,5500.0,991400,INTP.JK
2026-04-20,5575.0,5600.0,5400.0,5425.0,881200,INTP.JK
2026-04-21,5375.0,5500.0,5350.0,5500.0,694800,INTP.JK
2026-04-22,5500.0,5625.0,5475.0,5575.0,873100,INTP.JK
2026-04-23,5600.0,5600.0,5325.0,5375.0,1081600,INTP.JK
2026-04-24,5375.0,5425.0,5225.0,5300.0,1254800,INTP.JK
2026-04-27,5275.0,5300.0,5125.0,5250.0,1197200,INTP.JK
2026-04-28,5250.0,5275.0,5075.0,5150.0,776000,INTP.JK
2026-04-29,5175.0,5225.0,5100.0,5200.0,1179900,INTP.JK
2026-04-30,5200.0,5225.0,5175.0,5200.0,2949500,INTP.JK
2026-05-04,5225.0,5225.0,5075.0,5125.0,702900,INTP.JK
2026-05-05,5125.0,5175.0,5075.0,5150.0,592000,INTP.JK
2026-05-06,5150.0,5200.0,5075.0,5100.0,1203200,INTP.JK
2026-05-07,5125.0,5300.0,5125.0,5225.0,1224700,INTP.JK
2026-05-08,5225.0,5225.0,5075.0,5075.0,1013900,INTP.JK
